ID,post_author,post_date,post_date_gmt,post_content,post_title,post_excerpt,post_status,comment_status,ping_status,post_password,post_name,to_ping,pinged,post_modified,post_modified_gmt,post_content_filtered,post_parent,guid,menu_order,post_type,post_mime_type,comment_count,filter,actor,director,Writer
302,1,"2023-11-10 09:57:15","2023-11-10 09:57:15","this is only for testing",test,testing,publish,closed,closed,,test,,,"2023-11-10 09:57:15","2023-11-10 09:57:15",,0,http://localhost:10018/rt-movie/test/,0,rt-movie,,0,raw,,,
299,0,"2023-11-09 18:56:36","2023-11-09 18:56:36","update post using REST API","demo of REST API",testing,publish,closed,closed,,test-2,,,"2023-11-10 09:40:44","2023-11-10 09:40:44",,0,http://localhost:10018/rt-movie/test-2/,0,rt-movie,,0,raw,,,
293,0,"2023-11-09 18:15:28","2023-11-09 18:15:28","this is only for testing",demo1,testing,publish,closed,closed,,demo1,,,"2023-11-09 18:15:28","2023-11-09 18:15:28",,0,http://localhost:10018/rt-movie/demo1/,0,rt-movie,,0,raw,,,
272,1,"2023-11-01 14:49:14","2023-11-01 14:49:14","<!-- wp:paragraph -->
<p>[movie genre=""action""]</p>
<!-- /wp:paragraph -->",Short-code,,publish,closed,closed,,short-code,,,"2023-11-08 19:33:20","2023-11-08 19:33:20",,0,http://localhost:10018/?post_type=rt-movie&#038;p=272,0,rt-movie,,0,raw,"Tom Hiddleston",,
148,1,"2023-06-14 23:26:17","2023-06-14 23:26:17","<!-- wp:paragraph -->
<p>urna venenatis. Praesent ac porttitor neque. Quisque lobortis quis mi vitae condimentum. Nunc tempus nulla sit amet dui malesuada, eget dignissim nisl mattis. Integer velit nisi, scelerisque ac felis id, imperdiet convallis ante. Pellentesque purus tellus, faucibus et libero quis, aliquet convallis lorem. Praesent rhoncus imperdiet orci, non imperdiet mi tempor nec. Quisque molestie eget urna interdum varius. Phasellus sollicitudin ligula non magna consectetur venenatis.</p>
<!-- /wp:paragraph -->

<!-- wp:paragraph -->
<p>Ut tempus odio vel venenatis vestibulum. Aenean auctor fermentum augue, eu luctus orci porta sit amet. Fusce lectus mi, blandit non consequat in, gravida eget nulla. Proin ultricies nulla urna, at viverra sapien feugiat vitae. Fusce congue tortor sed dui tincidunt viverra. Donec imperdiet mattis gravida. Cras ultricies arcu ac ligula scelerisque, quis gravida dolor fringilla. Nullam in laoreet libero, aliquet efficitur massa. Fusce dignissim erat urna, non accumsan nibh pulvinar at. Vestibulum quis urna lacus. Nunc dignissim turpis enim, at mattis dolor viverra vel. Curabitur convallis nisl in dui rutrum finibus.</p>
<!-- /wp:paragraph -->

<!-- wp:paragraph -->
<p>Fusce malesuada justo quis tempus imperdiet. Duis dolor tortor, venenatis in dolor eu, bibendum sodales dui. Morbi eget enim vel neque faucibus sodales. Integer laoreet massa a fermentum venenatis. Vivamus imperdiet molestie massa, eget pharetra tellus aliquet vitae. Maecenas in ligula vel mauris vulputate luctus. Orci varius natoque penatibus et magnis dis parturient montes, nascetur ridiculus mus. Donec nec condimentum diam. Nunc posuere rutrum nulla eu rutrum.</p>
<!-- /wp:paragraph -->

<!-- wp:paragraph -->
<p>Nulla leo felis, tincidunt pellentesque viverra nec, euismod a dolor. Pellentesque habitant morbi tristique senectus et netus et malesuada fames ac turpis egestas. Quisque faucibus metus eu mi porttitor, ut pretium lectus accumsan. Cras efficitur egestas lacus, eget fermentum nulla mollis et. Ut ultrices gravida ante a vestibulum. Phasellus aliquet eu tortor ut feugiat. Suspendisse commodo porta pretium. Praesent vitae tristique mi. Integer viverra ante ac lacus porttitor venenatis. Nunc a tincidunt tellus. Maecenas vitae velit sed massa convallis volutpat eu nec libero.</p>
<!-- /wp:paragraph -->

<!-- wp:paragraph -->
<p>In aliquam lacinia nibh ut tincidunt. Praesent facilisis porta lectus vel scelerisque. Integer cursus urna sit amet orci ultrices, bibendum maximus purus dictum. Etiam ultrices elit tellus,&nbsp;</p>
<!-- /wp:paragraph -->","The Shawshank Redemption"," tincidunt tellus, eu convallis velit urna eu mi. Nullam ipsum dui, cursus eget ante vitae, lobortis elementum lorem. Vestibulum ante ipsu",publish,closed,closed,,the-shawshank-redemption,,,"2023-11-03 10:58:09","2023-11-03 10:58:09",,0,https://localhost:10018/?post_type=rt-movie&#038;p=148,0,rt-movie,,0,raw,"Robert Downey Jr.,Jeremy Renner,Scarlett Johansson,Elizabeth Olsen,Tom Hiddleston,Brie Larson","Chris Evans,Paul Rudd,Anthony Russo","Stan Lee"
149,1,"2023-06-14 23:26:39","2023-06-14 23:26:39","<!-- wp:paragraph -->
<p>urna venenatis. Praesent ac porttitor neque. Quisque lobortis quis mi vitae condimentum. Nunc tempus nulla sit amet dui malesuada, eget dignissim nisl mattis. Integer velit nisi, scelerisque ac felis id, imperdiet convallis ante. Pellentesque purus tellus, faucibus et libero quis, aliquet convallis lorem. Praesent rhoncus imperdiet orci, non imperdiet mi tempor nec. Quisque molestie eget urna interdum varius. Phasellus sollicitudin ligula non magna consectetur venenatis.</p>
<!-- /wp:paragraph -->

<!-- wp:paragraph -->
<p>Ut tempus odio vel venenatis vestibulum. Aenean auctor fermentum augue, eu luctus orci porta sit amet. Fusce lectus mi, blandit non consequat in, gravida eget nulla. Proin ultricies nulla urna, at viverra sapien feugiat vitae. Fusce congue tortor sed dui tincidunt viverra. Donec imperdiet mattis gravida. Cras ultricies arcu ac ligula scelerisque, quis gravida dolor fringilla. Nullam in laoreet libero, aliquet efficitur massa. Fusce dignissim erat urna, non accumsan nibh pulvinar at. Vestibulum quis urna lacus. Nunc dignissim turpis enim, at mattis dolor viverra vel. Curabitur convallis nisl in dui rutrum finibus.</p>
<!-- /wp:paragraph -->

<!-- wp:paragraph -->
<p>Fusce malesuada justo quis tempus imperdiet. Duis dolor tortor, venenatis in dolor eu, bibendum sodales dui. Morbi eget enim vel neque faucibus sodales. Integer laoreet massa a fermentum venenatis. Vivamus imperdiet molestie massa, eget pharetra tellus aliquet vitae. Maecenas in ligula vel mauris vulputate luctus. Orci varius natoque penatibus et magnis dis parturient montes, nascetur ridiculus mus. Donec nec condimentum diam. Nunc posuere rutrum nulla eu rutrum.</p>
<!-- /wp:paragraph -->

<!-- wp:paragraph -->
<p>Nulla leo felis, tincidunt pellentesque viverra nec, euismod a dolor. Pellentesque habitant morbi tristique senectus et netus et malesuada fames ac turpis egestas. Quisque faucibus metus eu mi porttitor, ut pretium lectus accumsan. Cras efficitur egestas lacus, eget fermentum nulla mollis et. Ut ultrices gravida ante a vestibulum. Phasellus aliquet eu tortor ut feugiat. Suspendisse commodo porta pretium. Praesent vitae tristique mi. Integer viverra ante ac lacus porttitor venenatis. Nunc a tincidunt tellus. Maecenas vitae velit sed massa convallis volutpat eu nec libero.</p>
<!-- /wp:paragraph -->

<!-- wp:paragraph -->
<p>In aliquam lacinia nibh ut tincidunt. Praesent facilisis porta lectus vel scelerisque. Integer cursus urna sit amet orci ultrices, bibendum maximus purus dictum. Etiam ultrices elit tellus,&nbsp;</p>
<!-- /wp:paragraph -->","The Silence Of The Lambs"," tincidunt tellus, eu convallis velit urna eu mi. Nullam ipsum dui, cursus eget ante vitae, lobortis elementum lorem. Vestibulum ante ipsu",publish,closed,closed,,the-silence-of-the-lambs,,,"2023-11-09 06:09:52","2023-11-09 06:09:52",,0,https://localhost:10018/?post_type=rt-movie&#038;p=149,1,rt-movie,,0,raw,"Robert Downey Jr.,Chris Evans,Mark Ruffalo,Chris Hemsworth,Tom Hiddleston,Brie Larson,Paul Rudd","Anthony Russo,Joe Russo",
147,1,"2023-06-14 23:25:47","2023-06-14 23:25:47","<!-- wp:paragraph -->
<p>urna venenatis. Praesent ac porttitor neque. Quisque lobortis quis mi vitae condimentum. Nunc tempus nulla sit amet dui malesuada, eget dignissim nisl mattis. Integer velit nisi, scelerisque ac felis id, imperdiet convallis ante. Pellentesque purus tellus, faucibus et libero quis, aliquet convallis lorem. Praesent rhoncus imperdiet orci, non imperdiet mi tempor nec. Quisque molestie eget urna interdum varius. Phasellus sollicitudin ligula non magna consectetur venenatis.</p>
<!-- /wp:paragraph -->

<!-- wp:paragraph -->
<p>Ut tempus odio vel venenatis vestibulum. Aenean auctor fermentum augue, eu luctus orci porta sit amet. Fusce lectus mi, blandit non consequat in, gravida eget nulla. Proin ultricies nulla urna, at viverra sapien feugiat vitae. Fusce congue tortor sed dui tincidunt viverra. Donec imperdiet mattis gravida. Cras ultricies arcu ac ligula scelerisque, quis gravida dolor fringilla. Nullam in laoreet libero, aliquet efficitur massa. Fusce dignissim erat urna, non accumsan nibh pulvinar at. Vestibulum quis urna lacus. Nunc dignissim turpis enim, at mattis dolor viverra vel. Curabitur convallis nisl in dui rutrum finibus.</p>
<!-- /wp:paragraph -->

<!-- wp:paragraph -->
<p>Fusce malesuada justo quis tempus imperdiet. Duis dolor tortor, venenatis in dolor eu, bibendum sodales dui. Morbi eget enim vel neque faucibus sodales. Integer laoreet massa a fermentum venenatis. Vivamus imperdiet molestie massa, eget pharetra tellus aliquet vitae. Maecenas in ligula vel mauris vulputate luctus. Orci varius natoque penatibus et magnis dis parturient montes, nascetur ridiculus mus. Donec nec condimentum diam. Nunc posuere rutrum nulla eu rutrum.</p>
<!-- /wp:paragraph -->

<!-- wp:paragraph -->
<p>Nulla leo felis, tincidunt pellentesque viverra nec, euismod a dolor. Pellentesque habitant morbi tristique senectus et netus et malesuada fames ac turpis egestas. Quisque faucibus metus eu mi porttitor, ut pretium lectus accumsan. Cras efficitur egestas lacus, eget fermentum nulla mollis et. Ut ultrices gravida ante a vestibulum. Phasellus aliquet eu tortor ut feugiat. Suspendisse commodo porta pretium. Praesent vitae tristique mi. Integer viverra ante ac lacus porttitor venenatis. Nunc a tincidunt tellus. Maecenas vitae velit sed massa convallis volutpat eu nec libero.</p>
<!-- /wp:paragraph -->

<!-- wp:paragraph -->
<p>In aliquam lacinia nibh ut tincidunt. Praesent facilisis porta lectus vel scelerisque. Integer cursus urna sit amet orci ultrices, bibendum maximus purus dictum. Etiam ultrices elit tellus, </p>
<!-- /wp:paragraph -->","Schindler's List"," tincidunt tellus, eu convallis velit urna eu mi. Nullam ipsum dui, cursus eget ante vitae, lobortis elementum lorem. Vestibulum ante ipsu",publish,closed,closed,,schindlers-list,,,"2023-11-02 17:32:11","2023-11-02 17:32:11",,0,https://localhost:10018/?post_type=rt-movie&#038;p=147,2,rt-movie,,0,raw,,"Anthony Russo",
146,1,"2023-06-14 23:25:00","2023-06-14 23:25:00","<!-- wp:paragraph -->
<p>urna venenatis. Praesent ac porttitor neque. Quisque lobortis quis mi vitae condimentum. Nunc tempus nulla sit amet dui malesuada, eget dignissim nisl mattis. Integer velit nisi, scelerisque ac felis id, imperdiet convallis ante. Pellentesque purus tellus, faucibus et libero quis, aliquet convallis lorem. Praesent rhoncus imperdiet orci, non imperdiet mi tempor nec. Quisque molestie eget urna interdum varius. Phasellus sollicitudin ligula non magna consectetur venenatis.</p>
<!-- /wp:paragraph -->

<!-- wp:paragraph -->
<p>Ut tempus odio vel venenatis vestibulum. Aenean auctor fermentum augue, eu luctus orci porta sit amet. Fusce lectus mi, blandit non consequat in, gravida eget nulla. Proin ultricies nulla urna, at viverra sapien feugiat vitae. Fusce congue tortor sed dui tincidunt viverra. Donec imperdiet mattis gravida. Cras ultricies arcu ac ligula scelerisque, quis gravida dolor fringilla. Nullam in laoreet libero, aliquet efficitur massa. Fusce dignissim erat urna, non accumsan nibh pulvinar at. Vestibulum quis urna lacus. Nunc dignissim turpis enim, at mattis dolor viverra vel. Curabitur convallis nisl in dui rutrum finibus.</p>
<!-- /wp:paragraph -->

<!-- wp:paragraph -->
<p>Fusce malesuada justo quis tempus imperdiet. Duis dolor tortor, venenatis in dolor eu, bibendum sodales dui. Morbi eget enim vel neque faucibus sodales. Integer laoreet massa a fermentum venenatis. Vivamus imperdiet molestie massa, eget pharetra tellus aliquet vitae. Maecenas in ligula vel mauris vulputate luctus. Orci varius natoque penatibus et magnis dis parturient montes, nascetur ridiculus mus. Donec nec condimentum diam. Nunc posuere rutrum nulla eu rutrum.</p>
<!-- /wp:paragraph -->

<!-- wp:paragraph -->
<p>Nulla leo felis, tincidunt pellentesque viverra nec, euismod a dolor. Pellentesque habitant morbi tristique senectus et netus et malesuada fames ac turpis egestas. Quisque faucibus metus eu mi porttitor, ut pretium lectus accumsan. Cras efficitur egestas lacus, eget fermentum nulla mollis et. Ut ultrices gravida ante a vestibulum. Phasellus aliquet eu tortor ut feugiat. Suspendisse commodo porta pretium. Praesent vitae tristique mi. Integer viverra ante ac lacus porttitor venenatis. Nunc a tincidunt tellus. Maecenas vitae velit sed massa convallis volutpat eu nec libero.</p>
<!-- /wp:paragraph -->

<!-- wp:paragraph -->
<p>In aliquam lacinia nibh ut tincidunt. Praesent facilisis porta lectus vel scelerisque. Integer cursus urna sit amet orci ultrices, bibendum maximus purus dictum. Etiam ultrices elit tellus,&nbsp;</p>
<!-- /wp:paragraph -->",Casablanca," tincidunt tellus, eu convallis velit urna eu mi. Nullam ipsum dui, cursus eget ante vitae, lobortis elementum lorem. Vestibulum ante ipsu",publish,closed,closed,,casablanca,,,"2023-11-08 18:14:53","2023-11-08 18:14:53",,0,https://localhost:10018/?post_type=rt-movie&#038;p=146,3,rt-movie,,0,raw,"Chris Evans,Chris Hemsworth","Paul Rudd,Anthony Russo","Stan Lee"
144,1,"2023-06-14 23:24:25","2023-06-14 23:24:25","<!-- wp:paragraph -->
<p>urna venenatis. Praesent ac porttitor neque. Quisque lobortis quis mi vitae condimentum. Nunc tempus nulla sit amet dui malesuada, eget dignissim nisl mattis. Integer velit nisi, scelerisque ac felis id, imperdiet convallis ante. Pellentesque purus tellus, faucibus et libero quis, aliquet convallis lorem. Praesent rhoncus imperdiet orci, non imperdiet mi tempor nec. Quisque molestie eget urna interdum varius. Phasellus sollicitudin ligula non magna consectetur venenatis.</p>
<!-- /wp:paragraph -->

<!-- wp:paragraph -->
<p>Ut tempus odio vel venenatis vestibulum. Aenean auctor fermentum augue, eu luctus orci porta sit amet. Fusce lectus mi, blandit non consequat in, gravida eget nulla. Proin ultricies nulla urna, at viverra sapien feugiat vitae. Fusce congue tortor sed dui tincidunt viverra. Donec imperdiet mattis gravida. Cras ultricies arcu ac ligula scelerisque, quis gravida dolor fringilla. Nullam in laoreet libero, aliquet efficitur massa. Fusce dignissim erat urna, non accumsan nibh pulvinar at. Vestibulum quis urna lacus. Nunc dignissim turpis enim, at mattis dolor viverra vel. Curabitur convallis nisl in dui rutrum finibus.</p>
<!-- /wp:paragraph -->

<!-- wp:paragraph -->
<p>Fusce malesuada justo quis tempus imperdiet. Duis dolor tortor, venenatis in dolor eu, bibendum sodales dui. Morbi eget enim vel neque faucibus sodales. Integer laoreet massa a fermentum venenatis. Vivamus imperdiet molestie massa, eget pharetra tellus aliquet vitae. Maecenas in ligula vel mauris vulputate luctus. Orci varius natoque penatibus et magnis dis parturient montes, nascetur ridiculus mus. Donec nec condimentum diam. Nunc posuere rutrum nulla eu rutrum.</p>
<!-- /wp:paragraph -->

<!-- wp:paragraph -->
<p>Nulla leo felis, tincidunt pellentesque viverra nec, euismod a dolor. Pellentesque habitant morbi tristique senectus et netus et malesuada fames ac turpis egestas. Quisque faucibus metus eu mi porttitor, ut pretium lectus accumsan. Cras efficitur egestas lacus, eget fermentum nulla mollis et. Ut ultrices gravida ante a vestibulum. Phasellus aliquet eu tortor ut feugiat. Suspendisse commodo porta pretium. Praesent vitae tristique mi. Integer viverra ante ac lacus porttitor venenatis. Nunc a tincidunt tellus. Maecenas vitae velit sed massa convallis volutpat eu nec libero.</p>
<!-- /wp:paragraph -->

<!-- wp:paragraph -->
<p>In aliquam lacinia nibh ut tincidunt. Praesent facilisis porta lectus vel scelerisque. Integer cursus urna sit amet orci ultrices, bibendum maximus purus dictum. Etiam ultrices elit tellus,&nbsp;</p>
<!-- /wp:paragraph -->","Forest Gump"," tincidunt tellus, eu convallis velit urna eu mi. Nullam ipsum dui, cursus eget ante vitae, lobortis elementum lorem. Vestibulum ante ipsu",publish,closed,closed,,forest-gump,,,"2023-10-29 18:25:51","2023-10-29 18:25:51",,0,https://localhost:10018/?post_type=rt-movie&#038;p=144,4,rt-movie,,0,raw,,"Anthony Russo",
143,1,"2023-06-14 23:23:50","2023-06-14 23:23:50","<!-- wp:paragraph -->
<p>urna venenatis. Praesent ac porttitor neque. Quisque lobortis quis mi vitae condimentum. Nunc tempus nulla sit amet dui malesuada, eget dignissim nisl mattis. Integer velit nisi, scelerisque ac felis id, imperdiet convallis ante. Pellentesque purus tellus, faucibus et libero quis, aliquet convallis lorem. Praesent rhoncus imperdiet orci, non imperdiet mi tempor nec. Quisque molestie eget urna interdum varius. Phasellus sollicitudin ligula non magna consectetur venenatis.</p>
<!-- /wp:paragraph -->

<!-- wp:paragraph -->
<p>Ut tempus odio vel venenatis vestibulum. Aenean auctor fermentum augue, eu luctus orci porta sit amet. Fusce lectus mi, blandit non consequat in, gravida eget nulla. Proin ultricies nulla urna, at viverra sapien feugiat vitae. Fusce congue tortor sed dui tincidunt viverra. Donec imperdiet mattis gravida. Cras ultricies arcu ac ligula scelerisque, quis gravida dolor fringilla. Nullam in laoreet libero, aliquet efficitur massa. Fusce dignissim erat urna, non accumsan nibh pulvinar at. Vestibulum quis urna lacus. Nunc dignissim turpis enim, at mattis dolor viverra vel. Curabitur convallis nisl in dui rutrum finibus.</p>
<!-- /wp:paragraph -->

<!-- wp:paragraph -->
<p>Fusce malesuada justo quis tempus imperdiet. Duis dolor tortor, venenatis in dolor eu, bibendum sodales dui. Morbi eget enim vel neque faucibus sodales. Integer laoreet massa a fermentum venenatis. Vivamus imperdiet molestie massa, eget pharetra tellus aliquet vitae. Maecenas in ligula vel mauris vulputate luctus. Orci varius natoque penatibus et magnis dis parturient montes, nascetur ridiculus mus. Donec nec condimentum diam. Nunc posuere rutrum nulla eu rutrum.</p>
<!-- /wp:paragraph -->

<!-- wp:paragraph -->
<p>Nulla leo felis, tincidunt pellentesque viverra nec, euismod a dolor. Pellentesque habitant morbi tristique senectus et netus et malesuada fames ac turpis egestas. Quisque faucibus metus eu mi porttitor, ut pretium lectus accumsan. Cras efficitur egestas lacus, eget fermentum nulla mollis et. Ut ultrices gravida ante a vestibulum. Phasellus aliquet eu tortor ut feugiat. Suspendisse commodo porta pretium. Praesent vitae tristique mi. Integer viverra ante ac lacus porttitor venenatis. Nunc a tincidunt tellus. Maecenas vitae velit sed massa convallis volutpat eu nec libero.</p>
<!-- /wp:paragraph -->

<!-- wp:paragraph -->
<p>In aliquam lacinia nibh ut tincidunt. Praesent facilisis porta lectus vel scelerisque. Integer cursus urna sit amet orci ultrices, bibendum maximus purus dictum. Etiam ultrices elit tellus,&nbsp;</p>
<!-- /wp:paragraph -->","The Dark Knight"," tincidunt tellus, eu convallis velit urna eu mi. Nullam ipsum dui, cursus eget ante vitae, lobortis elementum lorem. Vestibulum ante ipsu",publish,open,closed,,the-dark-knight,,,"2023-06-14 23:23:50","2023-06-14 23:23:50",,0,https://localhost:10018/?post_type=rt-movie&#038;p=143,5,rt-movie,,0,raw,,"Anthony Russo",
142,1,"2023-06-14 23:23:20","2023-06-14 23:23:20","<!-- wp:paragraph -->
<p>urna venenatis. Praesent ac porttitor neque. Quisque lobortis quis mi vitae condimentum. Nunc tempus nulla sit amet dui malesuada, eget dignissim nisl mattis. Integer velit nisi, scelerisque ac felis id, imperdiet convallis ante. Pellentesque purus tellus, faucibus et libero quis, aliquet convallis lorem. Praesent rhoncus imperdiet orci, non imperdiet mi tempor nec. Quisque molestie eget urna interdum varius. Phasellus sollicitudin ligula non magna consectetur venenatis.</p>
<!-- /wp:paragraph -->

<!-- wp:paragraph -->
<p>Ut tempus odio vel venenatis vestibulum. Aenean auctor fermentum augue, eu luctus orci porta sit amet. Fusce lectus mi, blandit non consequat in, gravida eget nulla. Proin ultricies nulla urna, at viverra sapien feugiat vitae. Fusce congue tortor sed dui tincidunt viverra. Donec imperdiet mattis gravida. Cras ultricies arcu ac ligula scelerisque, quis gravida dolor fringilla. Nullam in laoreet libero, aliquet efficitur massa. Fusce dignissim erat urna, non accumsan nibh pulvinar at. Vestibulum quis urna lacus. Nunc dignissim turpis enim, at mattis dolor viverra vel. Curabitur convallis nisl in dui rutrum finibus.</p>
<!-- /wp:paragraph -->

<!-- wp:paragraph -->
<p>Fusce malesuada justo quis tempus imperdiet. Duis dolor tortor, venenatis in dolor eu, bibendum sodales dui. Morbi eget enim vel neque faucibus sodales. Integer laoreet massa a fermentum venenatis. Vivamus imperdiet molestie massa, eget pharetra tellus aliquet vitae. Maecenas in ligula vel mauris vulputate luctus. Orci varius natoque penatibus et magnis dis parturient montes, nascetur ridiculus mus. Donec nec condimentum diam. Nunc posuere rutrum nulla eu rutrum.</p>
<!-- /wp:paragraph -->

<!-- wp:paragraph -->
<p>Nulla leo felis, tincidunt pellentesque viverra nec, euismod a dolor. Pellentesque habitant morbi tristique senectus et netus et malesuada fames ac turpis egestas. Quisque faucibus metus eu mi porttitor, ut pretium lectus accumsan. Cras efficitur egestas lacus, eget fermentum nulla mollis et. Ut ultrices gravida ante a vestibulum. Phasellus aliquet eu tortor ut feugiat. Suspendisse commodo porta pretium. Praesent vitae tristique mi. Integer viverra ante ac lacus porttitor venenatis. Nunc a tincidunt tellus. Maecenas vitae velit sed massa convallis volutpat eu nec libero.</p>
<!-- /wp:paragraph -->

<!-- wp:paragraph -->
<p>In aliquam lacinia nibh ut tincidunt. Praesent facilisis porta lectus vel scelerisque. Integer cursus urna sit amet orci ultrices, bibendum maximus purus dictum. Etiam ultrices elit tellus,&nbsp;</p>
<!-- /wp:paragraph -->","Pulp Fiction"," tincidunt tellus, eu convallis velit urna eu mi. Nullam ipsum dui, cursus eget ante vitae, lobortis elementum lorem. Vestibulum ante ipsu",publish,open,closed,,pulp-fiction,,,"2023-06-14 23:23:20","2023-06-14 23:23:20",,0,https://localhost:10018/?post_type=rt-movie&#038;p=142,6,rt-movie,,0,raw,,"Anthony Russo",
141,1,"2023-06-14 23:22:16","2023-06-14 23:22:16","<!-- wp:paragraph -->
<p>urna venenatis. Praesent ac porttitor neque. Quisque lobortis quis mi vitae condimentum. Nunc tempus nulla sit amet dui malesuada, eget dignissim nisl mattis. Integer velit nisi, scelerisque ac felis id, imperdiet convallis ante. Pellentesque purus tellus, faucibus et libero quis, aliquet convallis lorem. Praesent rhoncus imperdiet orci, non imperdiet mi tempor nec. Quisque molestie eget urna interdum varius. Phasellus sollicitudin ligula non magna consectetur venenatis.</p>
<!-- /wp:paragraph -->

<!-- wp:paragraph -->
<p>Ut tempus odio vel venenatis vestibulum. Aenean auctor fermentum augue, eu luctus orci porta sit amet. Fusce lectus mi, blandit non consequat in, gravida eget nulla. Proin ultricies nulla urna, at viverra sapien feugiat vitae. Fusce congue tortor sed dui tincidunt viverra. Donec imperdiet mattis gravida. Cras ultricies arcu ac ligula scelerisque, quis gravida dolor fringilla. Nullam in laoreet libero, aliquet efficitur massa. Fusce dignissim erat urna, non accumsan nibh pulvinar at. Vestibulum quis urna lacus. Nunc dignissim turpis enim, at mattis dolor viverra vel. Curabitur convallis nisl in dui rutrum finibus.</p>
<!-- /wp:paragraph -->

<!-- wp:paragraph -->
<p>Fusce malesuada justo quis tempus imperdiet. Duis dolor tortor, venenatis in dolor eu, bibendum sodales dui. Morbi eget enim vel neque faucibus sodales. Integer laoreet massa a fermentum venenatis. Vivamus imperdiet molestie massa, eget pharetra tellus aliquet vitae. Maecenas in ligula vel mauris vulputate luctus. Orci varius natoque penatibus et magnis dis parturient montes, nascetur ridiculus mus. Donec nec condimentum diam. Nunc posuere rutrum nulla eu rutrum.</p>
<!-- /wp:paragraph -->

<!-- wp:paragraph -->
<p>Nulla leo felis, tincidunt pellentesque viverra nec, euismod a dolor. Pellentesque habitant morbi tristique senectus et netus et malesuada fames ac turpis egestas. Quisque faucibus metus eu mi porttitor, ut pretium lectus accumsan. Cras efficitur egestas lacus, eget fermentum nulla mollis et. Ut ultrices gravida ante a vestibulum. Phasellus aliquet eu tortor ut feugiat. Suspendisse commodo porta pretium. Praesent vitae tristique mi. Integer viverra ante ac lacus porttitor venenatis. Nunc a tincidunt tellus. Maecenas vitae velit sed massa convallis volutpat eu nec libero.</p>
<!-- /wp:paragraph -->

<!-- wp:paragraph -->
<p>In aliquam lacinia nibh ut tincidunt. Praesent facilisis porta lectus vel scelerisque. Integer cursus urna sit amet orci ultrices, bibendum maximus purus dictum. Etiam ultrices elit tellus,&nbsp;</p>
<!-- /wp:paragraph -->",Inception," tincidunt tellus, eu convallis velit urna eu mi. Nullam ipsum dui, cursus eget ante vitae, lobortis elementum lorem. Vestibulum ante ipsu",publish,open,closed,,inception,,,"2023-06-14 23:22:16","2023-06-14 23:22:16",,0,https://localhost:10018/?post_type=rt-movie&#038;p=141,7,rt-movie,,0,raw,,"Anthony Russo",
140,1,"2023-06-14 23:21:51","2023-06-14 23:21:51","<!-- wp:paragraph -->
<p>urna venenatis. Praesent ac porttitor neque. Quisque lobortis quis mi vitae condimentum. Nunc tempus nulla sit amet dui malesuada, eget dignissim nisl mattis. Integer velit nisi, scelerisque ac felis id, imperdiet convallis ante. Pellentesque purus tellus, faucibus et libero quis, aliquet convallis lorem. Praesent rhoncus imperdiet orci, non imperdiet mi tempor nec. Quisque molestie eget urna interdum varius. Phasellus sollicitudin ligula non magna consectetur venenatis.</p>
<!-- /wp:paragraph -->

<!-- wp:paragraph -->
<p>Ut tempus odio vel venenatis vestibulum. Aenean auctor fermentum augue, eu luctus orci porta sit amet. Fusce lectus mi, blandit non consequat in, gravida eget nulla. Proin ultricies nulla urna, at viverra sapien feugiat vitae. Fusce congue tortor sed dui tincidunt viverra. Donec imperdiet mattis gravida. Cras ultricies arcu ac ligula scelerisque, quis gravida dolor fringilla. Nullam in laoreet libero, aliquet efficitur massa. Fusce dignissim erat urna, non accumsan nibh pulvinar at. Vestibulum quis urna lacus. Nunc dignissim turpis enim, at mattis dolor viverra vel. Curabitur convallis nisl in dui rutrum finibus.</p>
<!-- /wp:paragraph -->

<!-- wp:paragraph -->
<p>Fusce malesuada justo quis tempus imperdiet. Duis dolor tortor, venenatis in dolor eu, bibendum sodales dui. Morbi eget enim vel neque faucibus sodales. Integer laoreet massa a fermentum venenatis. Vivamus imperdiet molestie massa, eget pharetra tellus aliquet vitae. Maecenas in ligula vel mauris vulputate luctus. Orci varius natoque penatibus et magnis dis parturient montes, nascetur ridiculus mus. Donec nec condimentum diam. Nunc posuere rutrum nulla eu rutrum.</p>
<!-- /wp:paragraph -->

<!-- wp:paragraph -->
<p>Nulla leo felis, tincidunt pellentesque viverra nec, euismod a dolor. Pellentesque habitant morbi tristique senectus et netus et malesuada fames ac turpis egestas. Quisque faucibus metus eu mi porttitor, ut pretium lectus accumsan. Cras efficitur egestas lacus, eget fermentum nulla mollis et. Ut ultrices gravida ante a vestibulum. Phasellus aliquet eu tortor ut feugiat. Suspendisse commodo porta pretium. Praesent vitae tristique mi. Integer viverra ante ac lacus porttitor venenatis. Nunc a tincidunt tellus. Maecenas vitae velit sed massa convallis volutpat eu nec libero.</p>
<!-- /wp:paragraph -->

<!-- wp:paragraph -->
<p>In aliquam lacinia nibh ut tincidunt. Praesent facilisis porta lectus vel scelerisque. Integer cursus urna sit amet orci ultrices, bibendum maximus purus dictum. Etiam ultrices elit tellus,&nbsp;</p>
<!-- /wp:paragraph -->","Lawrence of Arabia"," tincidunt tellus, eu convallis velit urna eu mi. Nullam ipsum dui, cursus eget ante vitae, lobortis elementum lorem. Vestibulum ante ipsu",publish,open,closed,,lawrence-of-arabia,,,"2023-06-14 23:21:51","2023-06-14 23:21:51",,0,https://localhost:10018/?post_type=rt-movie&#038;p=140,8,rt-movie,,0,raw,,"Anthony Russo",
139,1,"2023-06-14 23:21:06","2023-06-14 23:21:06","<!-- wp:paragraph -->
<p>urna venenatis. Praesent ac porttitor neque. Quisque lobortis quis mi vitae condimentum. Nunc tempus nulla sit amet dui malesuada, eget dignissim nisl mattis. Integer velit nisi, scelerisque ac felis id, imperdiet convallis ante. Pellentesque purus tellus, faucibus et libero quis, aliquet convallis lorem. Praesent rhoncus imperdiet orci, non imperdiet mi tempor nec. Quisque molestie eget urna interdum varius. Phasellus sollicitudin ligula non magna consectetur venenatis.</p>
<!-- /wp:paragraph -->

<!-- wp:paragraph -->
<p>Ut tempus odio vel venenatis vestibulum. Aenean auctor fermentum augue, eu luctus orci porta sit amet. Fusce lectus mi, blandit non consequat in, gravida eget nulla. Proin ultricies nulla urna, at viverra sapien feugiat vitae. Fusce congue tortor sed dui tincidunt viverra. Donec imperdiet mattis gravida. Cras ultricies arcu ac ligula scelerisque, quis gravida dolor fringilla. Nullam in laoreet libero, aliquet efficitur massa. Fusce dignissim erat urna, non accumsan nibh pulvinar at. Vestibulum quis urna lacus. Nunc dignissim turpis enim, at mattis dolor viverra vel. Curabitur convallis nisl in dui rutrum finibus.</p>
<!-- /wp:paragraph -->

<!-- wp:paragraph -->
<p>Fusce malesuada justo quis tempus imperdiet. Duis dolor tortor, venenatis in dolor eu, bibendum sodales dui. Morbi eget enim vel neque faucibus sodales. Integer laoreet massa a fermentum venenatis. Vivamus imperdiet molestie massa, eget pharetra tellus aliquet vitae. Maecenas in ligula vel mauris vulputate luctus. Orci varius natoque penatibus et magnis dis parturient montes, nascetur ridiculus mus. Donec nec condimentum diam. Nunc posuere rutrum nulla eu rutrum.</p>
<!-- /wp:paragraph -->

<!-- wp:paragraph -->
<p>Nulla leo felis, tincidunt pellentesque viverra nec, euismod a dolor. Pellentesque habitant morbi tristique senectus et netus et malesuada fames ac turpis egestas. Quisque faucibus metus eu mi porttitor, ut pretium lectus accumsan. Cras efficitur egestas lacus, eget fermentum nulla mollis et. Ut ultrices gravida ante a vestibulum. Phasellus aliquet eu tortor ut feugiat. Suspendisse commodo porta pretium. Praesent vitae tristique mi. Integer viverra ante ac lacus porttitor venenatis. Nunc a tincidunt tellus. Maecenas vitae velit sed massa convallis volutpat eu nec libero.</p>
<!-- /wp:paragraph -->

<!-- wp:paragraph -->
<p>In aliquam lacinia nibh ut tincidunt. Praesent facilisis porta lectus vel scelerisque. Integer cursus urna sit amet orci ultrices, bibendum maximus purus dictum. Etiam ultrices elit tellus,&nbsp;</p>
<!-- /wp:paragraph -->","The Godfather"," tincidunt tellus, eu convallis velit urna eu mi. Nullam ipsum dui, cursus eget ante vitae, lobortis elementum lorem. Vestibulum ante ipsu",publish,open,closed,,the-godfather,,,"2023-06-14 23:21:07","2023-06-14 23:21:07",,0,https://localhost:10018/?post_type=rt-movie&#038;p=139,9,rt-movie,,0,raw,,"Anthony Russo",
138,1,"2023-06-14 23:20:40","2023-06-14 23:20:40","<!-- wp:paragraph -->
<p>urna venenatis. Praesent ac porttitor neque. Quisque lobortis quis mi vitae condimentum. Nunc tempus nulla sit amet dui malesuada, eget dignissim nisl mattis. Integer velit nisi, scelerisque ac felis id, imperdiet convallis ante. Pellentesque purus tellus, faucibus et libero quis, aliquet convallis lorem. Praesent rhoncus imperdiet orci, non imperdiet mi tempor nec. Quisque molestie eget urna interdum varius. Phasellus sollicitudin ligula non magna consectetur venenatis.</p>
<!-- /wp:paragraph -->

<!-- wp:paragraph -->
<p>Ut tempus odio vel venenatis vestibulum. Aenean auctor fermentum augue, eu luctus orci porta sit amet. Fusce lectus mi, blandit non consequat in, gravida eget nulla. Proin ultricies nulla urna, at viverra sapien feugiat vitae. Fusce congue tortor sed dui tincidunt viverra. Donec imperdiet mattis gravida. Cras ultricies arcu ac ligula scelerisque, quis gravida dolor fringilla. Nullam in laoreet libero, aliquet efficitur massa. Fusce dignissim erat urna, non accumsan nibh pulvinar at. Vestibulum quis urna lacus. Nunc dignissim turpis enim, at mattis dolor viverra vel. Curabitur convallis nisl in dui rutrum finibus.</p>
<!-- /wp:paragraph -->

<!-- wp:paragraph -->
<p>Fusce malesuada justo quis tempus imperdiet. Duis dolor tortor, venenatis in dolor eu, bibendum sodales dui. Morbi eget enim vel neque faucibus sodales. Integer laoreet massa a fermentum venenatis. Vivamus imperdiet molestie massa, eget pharetra tellus aliquet vitae. Maecenas in ligula vel mauris vulputate luctus. Orci varius natoque penatibus et magnis dis parturient montes, nascetur ridiculus mus. Donec nec condimentum diam. Nunc posuere rutrum nulla eu rutrum.</p>
<!-- /wp:paragraph -->

<!-- wp:paragraph -->
<p>Nulla leo felis, tincidunt pellentesque viverra nec, euismod a dolor. Pellentesque habitant morbi tristique senectus et netus et malesuada fames ac turpis egestas. Quisque faucibus metus eu mi porttitor, ut pretium lectus accumsan. Cras efficitur egestas lacus, eget fermentum nulla mollis et. Ut ultrices gravida ante a vestibulum. Phasellus aliquet eu tortor ut feugiat. Suspendisse commodo porta pretium. Praesent vitae tristique mi. Integer viverra ante ac lacus porttitor venenatis. Nunc a tincidunt tellus. Maecenas vitae velit sed massa convallis volutpat eu nec libero.</p>
<!-- /wp:paragraph -->

<!-- wp:paragraph -->
<p>In aliquam lacinia nibh ut tincidunt. Praesent facilisis porta lectus vel scelerisque. Integer cursus urna sit amet orci ultrices, bibendum maximus purus dictum. Etiam ultrices elit tellus,&nbsp;</p>
<!-- /wp:paragraph -->","Raging Bull"," tincidunt tellus, eu convallis velit urna eu mi. Nullam ipsum dui, cursus eget ante vitae, lobortis elementum lorem. Vestibulum ante ipsu",publish,open,closed,,raging-bull,,,"2023-06-14 23:20:40","2023-06-14 23:20:40",,0,https://localhost:10018/?post_type=rt-movie&#038;p=138,10,rt-movie,,0,raw,,"Anthony Russo",
137,1,"2023-06-14 23:08:35","2023-06-14 23:08:35","<!-- wp:paragraph -->
<p>urna venenatis. Praesent ac porttitor neque. Quisque lobortis quis mi vitae condimentum. Nunc tempus nulla sit amet dui malesuada, eget dignissim nisl mattis. Integer velit nisi, scelerisque ac felis id, imperdiet convallis ante. Pellentesque purus tellus, faucibus et libero quis, aliquet convallis lorem. Praesent rhoncus imperdiet orci, non imperdiet mi tempor nec. Quisque molestie eget urna interdum varius. Phasellus sollicitudin ligula non magna consectetur venenatis.</p>
<!-- /wp:paragraph -->

<!-- wp:paragraph -->
<p>Ut tempus odio vel venenatis vestibulum. Aenean auctor fermentum augue, eu luctus orci porta sit amet. Fusce lectus mi, blandit non consequat in, gravida eget nulla. Proin ultricies nulla urna, at viverra sapien feugiat vitae. Fusce congue tortor sed dui tincidunt viverra. Donec imperdiet mattis gravida. Cras ultricies arcu ac ligula scelerisque, quis gravida dolor fringilla. Nullam in laoreet libero, aliquet efficitur massa. Fusce dignissim erat urna, non accumsan nibh pulvinar at. Vestibulum quis urna lacus. Nunc dignissim turpis enim, at mattis dolor viverra vel. Curabitur convallis nisl in dui rutrum finibus.</p>
<!-- /wp:paragraph -->

<!-- wp:paragraph -->
<p>Fusce malesuada justo quis tempus imperdiet. Duis dolor tortor, venenatis in dolor eu, bibendum sodales dui. Morbi eget enim vel neque faucibus sodales. Integer laoreet massa a fermentum venenatis. Vivamus imperdiet molestie massa, eget pharetra tellus aliquet vitae. Maecenas in ligula vel mauris vulputate luctus. Orci varius natoque penatibus et magnis dis parturient montes, nascetur ridiculus mus. Donec nec condimentum diam. Nunc posuere rutrum nulla eu rutrum.</p>
<!-- /wp:paragraph -->

<!-- wp:paragraph -->
<p>Nulla leo felis, tincidunt pellentesque viverra nec, euismod a dolor. Pellentesque habitant morbi tristique senectus et netus et malesuada fames ac turpis egestas. Quisque faucibus metus eu mi porttitor, ut pretium lectus accumsan. Cras efficitur egestas lacus, eget fermentum nulla mollis et. Ut ultrices gravida ante a vestibulum. Phasellus aliquet eu tortor ut feugiat. Suspendisse commodo porta pretium. Praesent vitae tristique mi. Integer viverra ante ac lacus porttitor venenatis. Nunc a tincidunt tellus. Maecenas vitae velit sed massa convallis volutpat eu nec libero.</p>
<!-- /wp:paragraph -->

<!-- wp:paragraph -->
<p>In aliquam lacinia nibh ut tincidunt. Praesent facilisis porta lectus vel scelerisque. Integer cursus urna sit amet orci ultrices, bibendum maximus purus dictum. Etiam ultrices elit tellus,&nbsp;</p>
<!-- /wp:paragraph -->","Star Wars"," tincidunt tellus, eu convallis velit urna eu mi. Nullam ipsum dui, cursus eget ante vitae, lobortis elementum lorem. Vestibulum ante ipsu",publish,open,closed,,star-wars,,,"2023-06-14 23:09:08","2023-06-14 23:09:08",,0,https://localhost:10018/?post_type=rt-movie&#038;p=137,11,rt-movie,,0,raw,,"Anthony Russo",
135,1,"2023-06-14 23:07:53","2023-06-14 23:07:53","<!-- wp:paragraph -->
<p>urna venenatis. Praesent ac porttitor neque. Quisque lobortis quis mi vitae condimentum. Nunc tempus nulla sit amet dui malesuada, eget dignissim nisl mattis. Integer velit nisi, scelerisque ac felis id, imperdiet convallis ante. Pellentesque purus tellus, faucibus et libero quis, aliquet convallis lorem. Praesent rhoncus imperdiet orci, non imperdiet mi tempor nec. Quisque molestie eget urna interdum varius. Phasellus sollicitudin ligula non magna consectetur venenatis.</p>
<!-- /wp:paragraph -->

<!-- wp:paragraph -->
<p>Ut tempus odio vel venenatis vestibulum. Aenean auctor fermentum augue, eu luctus orci porta sit amet. Fusce lectus mi, blandit non consequat in, gravida eget nulla. Proin ultricies nulla urna, at viverra sapien feugiat vitae. Fusce congue tortor sed dui tincidunt viverra. Donec imperdiet mattis gravida. Cras ultricies arcu ac ligula scelerisque, quis gravida dolor fringilla. Nullam in laoreet libero, aliquet efficitur massa. Fusce dignissim erat urna, non accumsan nibh pulvinar at. Vestibulum quis urna lacus. Nunc dignissim turpis enim, at mattis dolor viverra vel. Curabitur convallis nisl in dui rutrum finibus.</p>
<!-- /wp:paragraph -->

<!-- wp:paragraph -->
<p>Fusce malesuada justo quis tempus imperdiet. Duis dolor tortor, venenatis in dolor eu, bibendum sodales dui. Morbi eget enim vel neque faucibus sodales. Integer laoreet massa a fermentum venenatis. Vivamus imperdiet molestie massa, eget pharetra tellus aliquet vitae. Maecenas in ligula vel mauris vulputate luctus. Orci varius natoque penatibus et magnis dis parturient montes, nascetur ridiculus mus. Donec nec condimentum diam. Nunc posuere rutrum nulla eu rutrum.</p>
<!-- /wp:paragraph -->

<!-- wp:paragraph -->
<p>Nulla leo felis, tincidunt pellentesque viverra nec, euismod a dolor. Pellentesque habitant morbi tristique senectus et netus et malesuada fames ac turpis egestas. Quisque faucibus metus eu mi porttitor, ut pretium lectus accumsan. Cras efficitur egestas lacus, eget fermentum nulla mollis et. Ut ultrices gravida ante a vestibulum. Phasellus aliquet eu tortor ut feugiat. Suspendisse commodo porta pretium. Praesent vitae tristique mi. Integer viverra ante ac lacus porttitor venenatis. Nunc a tincidunt tellus. Maecenas vitae velit sed massa convallis volutpat eu nec libero.</p>
<!-- /wp:paragraph -->

<!-- wp:paragraph -->
<p>In aliquam lacinia nibh ut tincidunt. Praesent facilisis porta lectus vel scelerisque. Integer cursus urna sit amet orci ultrices, bibendum maximus purus dictum. Etiam ultrices elit tellus,&nbsp;</p>
<!-- /wp:paragraph -->",Gladiator," tincidunt tellus, eu convallis velit urna eu mi. Nullam ipsum dui, cursus eget ante vitae, lobortis elementum lorem. Vestibulum ante ipsu",publish,open,closed,,gladiator,,,"2023-06-14 23:09:31","2023-06-14 23:09:31",,0,https://localhost:10018/?post_type=rt-movie&#038;p=135,12,rt-movie,,0,raw,,"Anthony Russo",
134,1,"2023-06-14 23:06:50","2023-06-14 23:06:50","<!-- wp:paragraph -->
<p>urna venenatis. Praesent ac porttitor neque. Quisque lobortis quis mi vitae condimentum. Nunc tempus nulla sit amet dui malesuada, eget dignissim nisl mattis. Integer velit nisi, scelerisque ac felis id, imperdiet convallis ante. Pellentesque purus tellus, faucibus et libero quis, aliquet convallis lorem. Praesent rhoncus imperdiet orci, non imperdiet mi tempor nec. Quisque molestie eget urna interdum varius. Phasellus sollicitudin ligula non magna consectetur venenatis.</p>
<!-- /wp:paragraph -->

<!-- wp:paragraph -->
<p>Ut tempus odio vel venenatis vestibulum. Aenean auctor fermentum augue, eu luctus orci porta sit amet. Fusce lectus mi, blandit non consequat in, gravida eget nulla. Proin ultricies nulla urna, at viverra sapien feugiat vitae. Fusce congue tortor sed dui tincidunt viverra. Donec imperdiet mattis gravida. Cras ultricies arcu ac ligula scelerisque, quis gravida dolor fringilla. Nullam in laoreet libero, aliquet efficitur massa. Fusce dignissim erat urna, non accumsan nibh pulvinar at. Vestibulum quis urna lacus. Nunc dignissim turpis enim, at mattis dolor viverra vel. Curabitur convallis nisl in dui rutrum finibus.</p>
<!-- /wp:paragraph -->

<!-- wp:paragraph -->
<p>Fusce malesuada justo quis tempus imperdiet. Duis dolor tortor, venenatis in dolor eu, bibendum sodales dui. Morbi eget enim vel neque faucibus sodales. Integer laoreet massa a fermentum venenatis. Vivamus imperdiet molestie massa, eget pharetra tellus aliquet vitae. Maecenas in ligula vel mauris vulputate luctus. Orci varius natoque penatibus et magnis dis parturient montes, nascetur ridiculus mus. Donec nec condimentum diam. Nunc posuere rutrum nulla eu rutrum.</p>
<!-- /wp:paragraph -->

<!-- wp:paragraph -->
<p>Nulla leo felis, tincidunt pellentesque viverra nec, euismod a dolor. Pellentesque habitant morbi tristique senectus et netus et malesuada fames ac turpis egestas. Quisque faucibus metus eu mi porttitor, ut pretium lectus accumsan. Cras efficitur egestas lacus, eget fermentum nulla mollis et. Ut ultrices gravida ante a vestibulum. Phasellus aliquet eu tortor ut feugiat. Suspendisse commodo porta pretium. Praesent vitae tristique mi. Integer viverra ante ac lacus porttitor venenatis. Nunc a tincidunt tellus. Maecenas vitae velit sed massa convallis volutpat eu nec libero.</p>
<!-- /wp:paragraph -->

<!-- wp:paragraph -->
<p>In aliquam lacinia nibh ut tincidunt. Praesent facilisis porta lectus vel scelerisque. Integer cursus urna sit amet orci ultrices, bibendum maximus purus dictum. Etiam ultrices elit tellus,&nbsp;</p>
<!-- /wp:paragraph -->","Saving Private Ryan"," tincidunt tellus, eu convallis velit urna eu mi. Nullam ipsum dui, cursus eget ante vitae, lobortis elementum lorem. Vestibulum ante ipsu",publish,open,closed,,saving-private-ryan,,,"2023-06-14 23:09:36","2023-06-14 23:09:36",,0,https://localhost:10018/?post_type=rt-movie&#038;p=134,13,rt-movie,,0,raw,,"Anthony Russo","Stan Lee"
133,1,"2023-06-14 23:06:05","2023-06-14 23:06:05","<!-- wp:paragraph -->
<p>urna venenatis. Praesent ac porttitor neque. Quisque lobortis quis mi vitae condimentum. Nunc tempus nulla sit amet dui malesuada, eget dignissim nisl mattis. Integer velit nisi, scelerisque ac felis id, imperdiet convallis ante. Pellentesque purus tellus, faucibus et libero quis, aliquet convallis lorem. Praesent rhoncus imperdiet orci, non imperdiet mi tempor nec. Quisque molestie eget urna interdum varius. Phasellus sollicitudin ligula non magna consectetur venenatis.</p>
<!-- /wp:paragraph -->

<!-- wp:paragraph -->
<p>Ut tempus odio vel venenatis vestibulum. Aenean auctor fermentum augue, eu luctus orci porta sit amet. Fusce lectus mi, blandit non consequat in, gravida eget nulla. Proin ultricies nulla urna, at viverra sapien feugiat vitae. Fusce congue tortor sed dui tincidunt viverra. Donec imperdiet mattis gravida. Cras ultricies arcu ac ligula scelerisque, quis gravida dolor fringilla. Nullam in laoreet libero, aliquet efficitur massa. Fusce dignissim erat urna, non accumsan nibh pulvinar at. Vestibulum quis urna lacus. Nunc dignissim turpis enim, at mattis dolor viverra vel. Curabitur convallis nisl in dui rutrum finibus.</p>
<!-- /wp:paragraph -->

<!-- wp:paragraph -->
<p>Fusce malesuada justo quis tempus imperdiet. Duis dolor tortor, venenatis in dolor eu, bibendum sodales dui. Morbi eget enim vel neque faucibus sodales. Integer laoreet massa a fermentum venenatis. Vivamus imperdiet molestie massa, eget pharetra tellus aliquet vitae. Maecenas in ligula vel mauris vulputate luctus. Orci varius natoque penatibus et magnis dis parturient montes, nascetur ridiculus mus. Donec nec condimentum diam. Nunc posuere rutrum nulla eu rutrum.</p>
<!-- /wp:paragraph -->

<!-- wp:paragraph -->
<p>Nulla leo felis, tincidunt pellentesque viverra nec, euismod a dolor. Pellentesque habitant morbi tristique senectus et netus et malesuada fames ac turpis egestas. Quisque faucibus metus eu mi porttitor, ut pretium lectus accumsan. Cras efficitur egestas lacus, eget fermentum nulla mollis et. Ut ultrices gravida ante a vestibulum. Phasellus aliquet eu tortor ut feugiat. Suspendisse commodo porta pretium. Praesent vitae tristique mi. Integer viverra ante ac lacus porttitor venenatis. Nunc a tincidunt tellus. Maecenas vitae velit sed massa convallis volutpat eu nec libero.</p>
<!-- /wp:paragraph -->

<!-- wp:paragraph -->
<p>In aliquam lacinia nibh ut tincidunt. Praesent facilisis porta lectus vel scelerisque. Integer cursus urna sit amet orci ultrices, bibendum maximus purus dictum. Etiam ultrices elit tellus,&nbsp;</p>
<!-- /wp:paragraph -->","The Shining"," tincidunt tellus, eu convallis velit urna eu mi. Nullam ipsum dui, cursus eget ante vitae, lobortis elementum lorem. Vestibulum ante ipsu",publish,open,closed,,the-shining,,,"2023-06-14 23:09:42","2023-06-14 23:09:42",,0,https://localhost:10018/?post_type=rt-movie&#038;p=133,14,rt-movie,,0,raw,,"Anthony Russo","Stan Lee"
117,1,"2023-06-14 21:38:18","2023-06-14 21:38:18","<!-- wp:paragraph -->
<p>After the devastating events of Avengers: Infinity War (2018), the universe is in ruins. With the help of remaining allies, the Avengers assemble once more in order to reverse Thanos' actions and restore balance to the universe.<br><br>After the devastating events of Avengers: Infinity War (2018), the universe is in ruins due to the efforts of the Mad Titan, Thanos. With the help of remaining allies, the Avengers must assemble once more in order to undo Thanos's actions and undo the chaos to the universe, no matter what consequences may be in store, and no matter who they face…<br><br>The grave course of events set in motion by Thanos, that wiped out half the universe and fractured the Avengers ranks, compels the remaining Avengers to take one final stand in Marvel Studios' grand conclusion to twenty-two films - Avengers: Endgame.<br><br>Catastrophe. Confusion. Loss. The overwhelming devastation caused by the mad Titan Thanos has left what remains of the Avengers reeling. For a while, all hope seems lost…until an opportunity to reverse the damage is presented. Now, the team must assemble once more and do whatever it takes to restore the universe and bring those they lost back.</p>
<!-- /wp:paragraph -->","Avengers: Endgame","After the devastating events of Avengers: Infinity War (2018), the universe is in ruins. With the help of remaining allies, the Avengers assemble once more in order to reverse Thanos' actions and restore balance to the universe.",publish,closed,closed,,avengers-endgame,,,"2023-10-30 05:27:05","2023-10-30 05:27:05",,0,https://localhost:10018/?post_type=rt-movie&#038;p=117,15,rt-movie,,4,raw,"Robert Downey Jr.,Chris Evans,Mark Ruffalo,Chris Hemsworth,Jeremy Renner,Scarlett Johansson,Elizabeth Olsen,Tom Hiddleston,Brie Larson,Paul Rudd,Chadwick Boseman,Benedict Cumberbatch","Anthony Russo,Joe Russo",
131,1,"2023-06-14 22:14:54","2023-06-14 22:14:54","<!-- wp:paragraph -->
<p>aliquam in, pulvinar nec sapien. Maecenas sollicitudin tincidunt lorem, vel commodo felis dapibus et. Pellentesque commodo sapien a enim semper ornare. Proin hendrerit diam tortor. Nunc quis massa at sem auctor tempus at eu metus. Cras dapibus ligula eget purus maximus semper. Vivamus elementum feugiat mi, tincidunt ullamcorper magna facilisis sit amet. Pellentesque habitant morbi tristique senectus et netus et malesuada fames ac turpis egestas. Nulla id finibus risus. In aliquet neque sed lorem facilisis, nec laoreet ipsum pulvinar.</p>
<!-- /wp:paragraph -->

<!-- wp:paragraph -->
<p>Sed condimentum ligula orci, vel blandit nulla volutpat dapibus. Ut pharetra accumsan metus vel suscipit. Interdum et malesuada fames ac ante ipsum primis in faucibus. Sed pharetra efficitur urna, id pharetra eros hendrerit sed. Cras rhoncus interdum nunc, nec vestibulum eros mollis quis. Aenean ac lorem in dolor ullamcorper congue ut lacinia mi. Vestibulum a dui a arcu accumsan lacinia. Proin tempor augue justo, pretium vehicula purus finibus a. Suspendisse malesuada risus at neque lobortis tristique.</p>
<!-- /wp:paragraph -->

<!-- wp:paragraph -->
<p>Fusce ut auctor lorem. Phasellus pharetra tempus egestas. Etiam eu mi ornare, vestibulum lacus ut, porta nibh. Donec in feugiat massa, id elementum ligula. Vestibulum felis dui, sollicitudin id neque ac, lacinia imperdiet velit. Donec finibus, mauris quis viverra tincidunt, ipsum velit sollicitudin odio, sit amet feugiat massa urna sit amet enim. Suspendisse in facilisis tortor. Duis malesuada elit volutpat, tempus tortor et, elementum mi. Donec efficitur ultricies viverra. Donec massa nisl, vestibulum sed dui nec, accumsan tincidunt ligula. Lorem ipsum dolor sit amet, consectetur adipiscing elit. Praesent risus eros, bibendum ut est quis, tristique pellentesque nisl.</p>
<!-- /wp:paragraph -->

<!-- wp:paragraph -->
<p>Vestibulum in dignissim diam, mollis hendrerit arcu. Suspendisse a facilisis augue. Integer tellus libero, lobortis eget faucibus eu, bibendum et metus. Nulla faucibus ornare ex, et imperdiet sapien finibus eu. Nunc hendrerit, urna sit amet tempor tincidunt, lectus enim consectetur neque, vestibulum placerat erat lectu</p>
<!-- /wp:paragraph -->","Captain America","After the devastating events of Avengers: Infinity War (2018), the universe is in ruins. With the help of remaining allies, the Avengers assemble once more in order to reverse Thanos' actions and restore balance to the universe.",publish,open,closed,,captain-america,,,"2023-06-14 23:15:38","2023-06-14 23:15:38",,0,https://localhost:10018/?post_type=rt-movie&#038;p=131,16,rt-movie,,0,raw,"Chris Evans",,
129,1,"2023-06-14 22:12:56","2023-06-14 22:12:56",,"Fantastic Four","After the devastating events of Avengers: Infinity War (2018), the universe is in ruins. With the help of remaining allies, the Avengers assemble once more in order to reverse Thanos' actions and restore balance to the universe.",publish,open,closed,,fantastic-four,,,"2023-06-14 23:15:50","2023-06-14 23:15:50",,0,https://localhost:10018/?post_type=rt-movie&#038;p=129,17,rt-movie,,0,raw,"Chris Evans",,
127,1,"2023-06-14 22:10:32","2023-06-14 22:10:32",,Avengers,"After the devastating events of Avengers: Infinity War (2018), the universe is in ruins. With the help of remaining allies, the Avengers assemble once more in order to reverse Thanos' actions and restore balance to the universe.",publish,closed,closed,,avengers,,,"2023-11-03 10:51:09","2023-11-03 10:51:09",,0,https://localhost:10018/?post_type=rt-movie&#038;p=127,18,rt-movie,,0,raw,,,
123,1,"2023-06-14 22:06:40","2023-06-14 22:06:40",,"Iron Man","After the devastating events of Avengers: Infinity War (2018), the universe is in ruins. With the help of remaining allies, the Avengers assemble once more in order to reverse Thanos' actions and restore balance to the universe.",publish,open,closed,,iron-man,,,"2023-06-14 22:06:40","2023-06-14 22:06:40",,0,https://localhost:10018/?post_type=rt-movie&#038;p=123,19,rt-movie,,0,raw,"Benedict Cumberbatch,Chris Hemsworth,Jeremy Renner,Scarlett Johansson,Elizabeth Olsen,Tom Hiddleston,Brie Larson,Paul Rudd,Chadwick Boseman,Mark Ruffalo,Chris Evans,Robert Downey Jr.","Joe Russo,Anthony Russo",
116,1,"2023-06-14 19:52:36","2023-06-14 19:52:36","<!-- wp:paragraph -->
<p>&nbsp;mattis magna non erat iaculis, et venenatis lorem commodo. Nulla eu ornare magna. Duis ultricies ipsum a dui accumsan, et blandit neque malesuada. Nulla efficitur ligula et tellus placerat lobortis. Fusce venenatis posuere leo vel volutpat.</p>
<!-- /wp:paragraph -->

<!-- wp:paragraph -->
<p>Nunc ultrices lacus eget nisi porttitor, faucibus maximus dolor imperdiet. Morbi in nunc pellentesque erat cursus egestas. Duis nec dignissim augue, vel tristique purus. Integer viverra finibus tellus eu ultricies. Sed iaculis, velit ut ultrices pretium, velit eros volutpat tortor, non tincidunt nulla neque quis sapien. Nunc ac aliquet urna. In at quam id tortor viverra malesuada. Aenean dapibus ultrices nisl, et viverra nulla porta quis. Quisque accumsan elit id est fringilla, a aliquam quam tincidunt. Proin facilisis mollis arcu vel pulvinar. Nunc mollis magna enim, at aliquet tortor pulvinar vehicula.</p>
<!-- /wp:paragraph -->

<!-- wp:paragraph -->
<p>Aenean ut ante ullamcorper, aliquet nunc sed, viverra justo. Pellentesque habitant morbi tristique senectus et netus et malesuada fames ac turpis egestas. Quisque egestas rhoncus vehicula. Duis sed lectus urna. Suspendisse potenti. Duis ante augue, luctus quis lacinia id, lacinia sed felis. Maecenas dictum tincidunt nisl, id cursus diam dignissim eget. Maecenas nibh diam, vestibulum id maximus vulputate, tincidunt vel metus. Praesent placerat non dolor quis ultrices. Interdum et malesuada fames ac ante ipsum primis in faucibus. Cras id euismod ante, eu ultricies orci. Quisque id nibh blandit lorem egestas luctus. Etiam lacinia nulla leo, in malesuada felis condimentum non. Donec vel tellus ligula. Duis eu mauris laoreet urna varius sollicitudin. Suspendisse nec varius turpis.</p>
<!-- /wp:paragraph -->

<!-- wp:paragraph -->
<p>Duis feugiat libero at lobortis luctus. Pellentesque auctor nunc ac mauris viverra, vel facilisis dui luctus. Vivamus ut neque dolor. Sed turpis mauris, maximus quis venenatis vel, volutpat nec sapien. In sit amet vestibulum magna, eu cursus dolor. Phasellus at diam et tellus aliquet egestas. Nam non laoreet nisi. Integer euismod sed quam ornare rhoncus. Suspendisse ultrices porttitor metus nec feugiat. Aliquam nec mauris malesuada, consectetur nunc sit amet, malesuada nulla. Nulla ut eros id quam pellentesque laoreet. Vivamus luctus id nisi vitae tempor. Nulla ultrices sem eu hendrerit placerat. In et risus et elit vehicula cursus eget at enim.</p>
<!-- /wp:paragraph -->

<!-- wp:paragraph -->
<p>Quisque semper tortor ut gravida finibus. Sed facilisis sem id nulla fermentum commodo. Nulla facilisi. Curabitur quis eros enim. Vestibulum eget laoreet quam. Etiam ultrices elit at luctus tempus. Lorem ipsum dolor sit amet, consectetur adipiscing elit. Curabitur ultricies lacinia massa, id&nbsp;</p>
<!-- /wp:paragraph -->","Spiderman: Far From Home",,publish,open,closed,,spiderman-far-from-home,,,"2023-06-14 23:28:56","2023-06-14 23:28:56",,0,https://localhost:10018/?post_type=rt-movie&#038;p=116,20,rt-movie,,0,raw,"Robert Downey Jr.","Anthony Russo","Stan Lee"
115,1,"2023-06-14 19:51:41","2023-06-14 19:51:41","<!-- wp:paragraph -->
<p>&nbsp;mattis magna non erat iaculis, et venenatis lorem commodo. Nulla eu ornare magna. Duis ultricies ipsum a dui accumsan, et blandit neque malesuada. Nulla efficitur ligula et tellus placerat lobortis. Fusce venenatis posuere leo vel volutpat.</p>
<!-- /wp:paragraph -->

<!-- wp:paragraph -->
<p>Nunc ultrices lacus eget nisi porttitor, faucibus maximus dolor imperdiet. Morbi in nunc pellentesque erat cursus egestas. Duis nec dignissim augue, vel tristique purus. Integer viverra finibus tellus eu ultricies. Sed iaculis, velit ut ultrices pretium, velit eros volutpat tortor, non tincidunt nulla neque quis sapien. Nunc ac aliquet urna. In at quam id tortor viverra malesuada. Aenean dapibus ultrices nisl, et viverra nulla porta quis. Quisque accumsan elit id est fringilla, a aliquam quam tincidunt. Proin facilisis mollis arcu vel pulvinar. Nunc mollis magna enim, at aliquet tortor pulvinar vehicula.</p>
<!-- /wp:paragraph -->

<!-- wp:paragraph -->
<p>Aenean ut ante ullamcorper, aliquet nunc sed, viverra justo. Pellentesque habitant morbi tristique senectus et netus et malesuada fames ac turpis egestas. Quisque egestas rhoncus vehicula. Duis sed lectus urna. Suspendisse potenti. Duis ante augue, luctus quis lacinia id, lacinia sed felis. Maecenas dictum tincidunt nisl, id cursus diam dignissim eget. Maecenas nibh diam, vestibulum id maximus vulputate, tincidunt vel metus. Praesent placerat non dolor quis ultrices. Interdum et malesuada fames ac ante ipsum primis in faucibus. Cras id euismod ante, eu ultricies orci. Quisque id nibh blandit lorem egestas luctus. Etiam lacinia nulla leo, in malesuada felis condimentum non. Donec vel tellus ligula. Duis eu mauris laoreet urna varius sollicitudin. Suspendisse nec varius turpis.</p>
<!-- /wp:paragraph -->

<!-- wp:paragraph -->
<p>Duis feugiat libero at lobortis luctus. Pellentesque auctor nunc ac mauris viverra, vel facilisis dui luctus. Vivamus ut neque dolor. Sed turpis mauris, maximus quis venenatis vel, volutpat nec sapien. In sit amet vestibulum magna, eu cursus dolor. Phasellus at diam et tellus aliquet egestas. Nam non laoreet nisi. Integer euismod sed quam ornare rhoncus. Suspendisse ultrices porttitor metus nec feugiat. Aliquam nec mauris malesuada, consectetur nunc sit amet, malesuada nulla. Nulla ut eros id quam pellentesque laoreet. Vivamus luctus id nisi vitae tempor. Nulla ultrices sem eu hendrerit placerat. In et risus et elit vehicula cursus eget at enim.</p>
<!-- /wp:paragraph -->

<!-- wp:paragraph -->
<p>Quisque semper tortor ut gravida finibus. Sed facilisis sem id nulla fermentum commodo. Nulla facilisi. Curabitur quis eros enim. Vestibulum eget laoreet quam. Etiam ultrices elit at luctus tempus. Lorem ipsum dolor sit amet, consectetur adipiscing elit. Curabitur ultricies lacinia massa, id&nbsp;</p>
<!-- /wp:paragraph -->",Joker,,publish,open,closed,,joker,,,"2023-06-14 23:28:39","2023-06-14 23:28:39",,0,https://localhost:10018/?post_type=rt-movie&#038;p=115,21,rt-movie,,0,raw,"Scarlett Johansson","Joe Russo","Stan Lee"
114,1,"2023-06-14 19:51:08","2023-06-14 19:51:08","<!-- wp:paragraph -->
<p>&nbsp;mattis magna non erat iaculis, et venenatis lorem commodo. Nulla eu ornare magna. Duis ultricies ipsum a dui accumsan, et blandit neque malesuada. Nulla efficitur ligula et tellus placerat lobortis. Fusce venenatis posuere leo vel volutpat.</p>
<!-- /wp:paragraph -->

<!-- wp:paragraph -->
<p>Nunc ultrices lacus eget nisi porttitor, faucibus maximus dolor imperdiet. Morbi in nunc pellentesque erat cursus egestas. Duis nec dignissim augue, vel tristique purus. Integer viverra finibus tellus eu ultricies. Sed iaculis, velit ut ultrices pretium, velit eros volutpat tortor, non tincidunt nulla neque quis sapien. Nunc ac aliquet urna. In at quam id tortor viverra malesuada. Aenean dapibus ultrices nisl, et viverra nulla porta quis. Quisque accumsan elit id est fringilla, a aliquam quam tincidunt. Proin facilisis mollis arcu vel pulvinar. Nunc mollis magna enim, at aliquet tortor pulvinar vehicula.</p>
<!-- /wp:paragraph -->

<!-- wp:paragraph -->
<p>Aenean ut ante ullamcorper, aliquet nunc sed, viverra justo. Pellentesque habitant morbi tristique senectus et netus et malesuada fames ac turpis egestas. Quisque egestas rhoncus vehicula. Duis sed lectus urna. Suspendisse potenti. Duis ante augue, luctus quis lacinia id, lacinia sed felis. Maecenas dictum tincidunt nisl, id cursus diam dignissim eget. Maecenas nibh diam, vestibulum id maximus vulputate, tincidunt vel metus. Praesent placerat non dolor quis ultrices. Interdum et malesuada fames ac ante ipsum primis in faucibus. Cras id euismod ante, eu ultricies orci. Quisque id nibh blandit lorem egestas luctus. Etiam lacinia nulla leo, in malesuada felis condimentum non. Donec vel tellus ligula. Duis eu mauris laoreet urna varius sollicitudin. Suspendisse nec varius turpis.</p>
<!-- /wp:paragraph -->

<!-- wp:paragraph -->
<p>Duis feugiat libero at lobortis luctus. Pellentesque auctor nunc ac mauris viverra, vel facilisis dui luctus. Vivamus ut neque dolor. Sed turpis mauris, maximus quis venenatis vel, volutpat nec sapien. In sit amet vestibulum magna, eu cursus dolor. Phasellus at diam et tellus aliquet egestas. Nam non laoreet nisi. Integer euismod sed quam ornare rhoncus. Suspendisse ultrices porttitor metus nec feugiat. Aliquam nec mauris malesuada, consectetur nunc sit amet, malesuada nulla. Nulla ut eros id quam pellentesque laoreet. Vivamus luctus id nisi vitae tempor. Nulla ultrices sem eu hendrerit placerat. In et risus et elit vehicula cursus eget at enim.</p>
<!-- /wp:paragraph -->

<!-- wp:paragraph -->
<p>Quisque semper tortor ut gravida finibus. Sed facilisis sem id nulla fermentum commodo. Nulla facilisi. Curabitur quis eros enim. Vestibulum eget laoreet quam. Etiam ultrices elit at luctus tempus. Lorem ipsum dolor sit amet, consectetur adipiscing elit. Curabitur ultricies lacinia massa, id&nbsp;</p>
<!-- /wp:paragraph -->","Black Panther",,publish,open,closed,,black-panther,,,"2023-06-14 23:28:05","2023-06-14 23:28:05",,0,https://localhost:10018/?post_type=rt-movie&#038;p=114,22,rt-movie,,0,raw,"Scarlett Johansson","Joe Russo","Stan Lee"
113,1,"2023-06-14 19:50:40","2023-06-14 19:50:40","<!-- wp:paragraph -->
<p>&nbsp;mattis magna non erat iaculis, et venenatis lorem commodo. Nulla eu ornare magna. Duis ultricies ipsum a dui accumsan, et blandit neque malesuada. Nulla efficitur ligula et tellus placerat lobortis. Fusce venenatis posuere leo vel volutpat.</p>
<!-- /wp:paragraph -->

<!-- wp:paragraph -->
<p>Nunc ultrices lacus eget nisi porttitor, faucibus maximus dolor imperdiet. Morbi in nunc pellentesque erat cursus egestas. Duis nec dignissim augue, vel tristique purus. Integer viverra finibus tellus eu ultricies. Sed iaculis, velit ut ultrices pretium, velit eros volutpat tortor, non tincidunt nulla neque quis sapien. Nunc ac aliquet urna. In at quam id tortor viverra malesuada. Aenean dapibus ultrices nisl, et viverra nulla porta quis. Quisque accumsan elit id est fringilla, a aliquam quam tincidunt. Proin facilisis mollis arcu vel pulvinar. Nunc mollis magna enim, at aliquet tortor pulvinar vehicula.</p>
<!-- /wp:paragraph -->

<!-- wp:paragraph -->
<p>Aenean ut ante ullamcorper, aliquet nunc sed, viverra justo. Pellentesque habitant morbi tristique senectus et netus et malesuada fames ac turpis egestas. Quisque egestas rhoncus vehicula. Duis sed lectus urna. Suspendisse potenti. Duis ante augue, luctus quis lacinia id, lacinia sed felis. Maecenas dictum tincidunt nisl, id cursus diam dignissim eget. Maecenas nibh diam, vestibulum id maximus vulputate, tincidunt vel metus. Praesent placerat non dolor quis ultrices. Interdum et malesuada fames ac ante ipsum primis in faucibus. Cras id euismod ante, eu ultricies orci. Quisque id nibh blandit lorem egestas luctus. Etiam lacinia nulla leo, in malesuada felis condimentum non. Donec vel tellus ligula. Duis eu mauris laoreet urna varius sollicitudin. Suspendisse nec varius turpis.</p>
<!-- /wp:paragraph -->

<!-- wp:paragraph -->
<p>Duis feugiat libero at lobortis luctus. Pellentesque auctor nunc ac mauris viverra, vel facilisis dui luctus. Vivamus ut neque dolor. Sed turpis mauris, maximus quis venenatis vel, volutpat nec sapien. In sit amet vestibulum magna, eu cursus dolor. Phasellus at diam et tellus aliquet egestas. Nam non laoreet nisi. Integer euismod sed quam ornare rhoncus. Suspendisse ultrices porttitor metus nec feugiat. Aliquam nec mauris malesuada, consectetur nunc sit amet, malesuada nulla. Nulla ut eros id quam pellentesque laoreet. Vivamus luctus id nisi vitae tempor. Nulla ultrices sem eu hendrerit placerat. In et risus et elit vehicula cursus eget at enim.</p>
<!-- /wp:paragraph -->

<!-- wp:paragraph -->
<p>Quisque semper tortor ut gravida finibus. Sed facilisis sem id nulla fermentum commodo. Nulla facilisi. Curabitur quis eros enim. Vestibulum eget laoreet quam. Etiam ultrices elit at luctus tempus. Lorem ipsum dolor sit amet, consectetur adipiscing elit. Curabitur ultricies lacinia massa, id&nbsp;</p>
<!-- /wp:paragraph -->","Blade Runner 2049",,publish,open,closed,,blade-runner-2049,,,"2023-06-14 21:06:27","2023-06-14 21:06:27",,0,https://localhost:10018/?post_type=rt-movie&#038;p=113,23,rt-movie,,0,raw,"Scarlett Johansson","Joe Russo","Stan Lee"
112,1,"2023-06-14 19:49:29","2023-06-14 19:49:29","<!-- wp:paragraph -->
<p>&nbsp;mattis magna non erat iaculis, et venenatis lorem commodo. Nulla eu ornare magna. Duis ultricies ipsum a dui accumsan, et blandit neque malesuada. Nulla efficitur ligula et tellus placerat lobortis. Fusce venenatis posuere leo vel volutpat.</p>
<!-- /wp:paragraph -->

<!-- wp:paragraph -->
<p>Nunc ultrices lacus eget nisi porttitor, faucibus maximus dolor imperdiet. Morbi in nunc pellentesque erat cursus egestas. Duis nec dignissim augue, vel tristique purus. Integer viverra finibus tellus eu ultricies. Sed iaculis, velit ut ultrices pretium, velit eros volutpat tortor, non tincidunt nulla neque quis sapien. Nunc ac aliquet urna. In at quam id tortor viverra malesuada. Aenean dapibus ultrices nisl, et viverra nulla porta quis. Quisque accumsan elit id est fringilla, a aliquam quam tincidunt. Proin facilisis mollis arcu vel pulvinar. Nunc mollis magna enim, at aliquet tortor pulvinar vehicula.</p>
<!-- /wp:paragraph -->

<!-- wp:paragraph -->
<p>Aenean ut ante ullamcorper, aliquet nunc sed, viverra justo. Pellentesque habitant morbi tristique senectus et netus et malesuada fames ac turpis egestas. Quisque egestas rhoncus vehicula. Duis sed lectus urna. Suspendisse potenti. Duis ante augue, luctus quis lacinia id, lacinia sed felis. Maecenas dictum tincidunt nisl, id cursus diam dignissim eget. Maecenas nibh diam, vestibulum id maximus vulputate, tincidunt vel metus. Praesent placerat non dolor quis ultrices. Interdum et malesuada fames ac ante ipsum primis in faucibus. Cras id euismod ante, eu ultricies orci. Quisque id nibh blandit lorem egestas luctus. Etiam lacinia nulla leo, in malesuada felis condimentum non. Donec vel tellus ligula. Duis eu mauris laoreet urna varius sollicitudin. Suspendisse nec varius turpis.</p>
<!-- /wp:paragraph -->

<!-- wp:paragraph -->
<p>Duis feugiat libero at lobortis luctus. Pellentesque auctor nunc ac mauris viverra, vel facilisis dui luctus. Vivamus ut neque dolor. Sed turpis mauris, maximus quis venenatis vel, volutpat nec sapien. In sit amet vestibulum magna, eu cursus dolor. Phasellus at diam et tellus aliquet egestas. Nam non laoreet nisi. Integer euismod sed quam ornare rhoncus. Suspendisse ultrices porttitor metus nec feugiat. Aliquam nec mauris malesuada, consectetur nunc sit amet, malesuada nulla. Nulla ut eros id quam pellentesque laoreet. Vivamus luctus id nisi vitae tempor. Nulla ultrices sem eu hendrerit placerat. In et risus et elit vehicula cursus eget at enim.</p>
<!-- /wp:paragraph -->

<!-- wp:paragraph -->
<p>Quisque semper tortor ut gravida finibus. Sed facilisis sem id nulla fermentum commodo. Nulla facilisi. Curabitur quis eros enim. Vestibulum eget laoreet quam. Etiam ultrices elit at luctus tempus. Lorem ipsum dolor sit amet, consectetur adipiscing elit. Curabitur ultricies lacinia massa, id&nbsp;</p>
<!-- /wp:paragraph -->","Black Adam",,publish,open,closed,,black-adam,,,"2023-06-14 21:06:25","2023-06-14 21:06:25",,0,https://localhost:10018/?post_type=rt-movie&#038;p=112,24,rt-movie,,0,raw,"Scarlett Johansson","Joe Russo","Stan Lee"
111,1,"2023-06-14 19:45:51","2023-06-14 19:45:51","<!-- wp:paragraph -->
<p>&nbsp;mattis magna non erat iaculis, et venenatis lorem commodo. Nulla eu ornare magna. Duis ultricies ipsum a dui accumsan, et blandit neque malesuada. Nulla efficitur ligula et tellus placerat lobortis. Fusce venenatis posuere leo vel volutpat.</p>
<!-- /wp:paragraph -->

<!-- wp:paragraph -->
<p>Nunc ultrices lacus eget nisi porttitor, faucibus maximus dolor imperdiet. Morbi in nunc pellentesque erat cursus egestas. Duis nec dignissim augue, vel tristique purus. Integer viverra finibus tellus eu ultricies. Sed iaculis, velit ut ultrices pretium, velit eros volutpat tortor, non tincidunt nulla neque quis sapien. Nunc ac aliquet urna. In at quam id tortor viverra malesuada. Aenean dapibus ultrices nisl, et viverra nulla porta quis. Quisque accumsan elit id est fringilla, a aliquam quam tincidunt. Proin facilisis mollis arcu vel pulvinar. Nunc mollis magna enim, at aliquet tortor pulvinar vehicula.</p>
<!-- /wp:paragraph -->

<!-- wp:paragraph -->
<p>Aenean ut ante ullamcorper, aliquet nunc sed, viverra justo. Pellentesque habitant morbi tristique senectus et netus et malesuada fames ac turpis egestas. Quisque egestas rhoncus vehicula. Duis sed lectus urna. Suspendisse potenti. Duis ante augue, luctus quis lacinia id, lacinia sed felis. Maecenas dictum tincidunt nisl, id cursus diam dignissim eget. Maecenas nibh diam, vestibulum id maximus vulputate, tincidunt vel metus. Praesent placerat non dolor quis ultrices. Interdum et malesuada fames ac ante ipsum primis in faucibus. Cras id euismod ante, eu ultricies orci. Quisque id nibh blandit lorem egestas luctus. Etiam lacinia nulla leo, in malesuada felis condimentum non. Donec vel tellus ligula. Duis eu mauris laoreet urna varius sollicitudin. Suspendisse nec varius turpis.</p>
<!-- /wp:paragraph -->

<!-- wp:paragraph -->
<p>Duis feugiat libero at lobortis luctus. Pellentesque auctor nunc ac mauris viverra, vel facilisis dui luctus. Vivamus ut neque dolor. Sed turpis mauris, maximus quis venenatis vel, volutpat nec sapien. In sit amet vestibulum magna, eu cursus dolor. Phasellus at diam et tellus aliquet egestas. Nam non laoreet nisi. Integer euismod sed quam ornare rhoncus. Suspendisse ultrices porttitor metus nec feugiat. Aliquam nec mauris malesuada, consectetur nunc sit amet, malesuada nulla. Nulla ut eros id quam pellentesque laoreet. Vivamus luctus id nisi vitae tempor. Nulla ultrices sem eu hendrerit placerat. In et risus et elit vehicula cursus eget at enim.</p>
<!-- /wp:paragraph -->

<!-- wp:paragraph -->
<p>Quisque semper tortor ut gravida finibus. Sed facilisis sem id nulla fermentum commodo. Nulla facilisi. Curabitur quis eros enim. Vestibulum eget laoreet quam. Etiam ultrices elit at luctus tempus. Lorem ipsum dolor sit amet, consectetur adipiscing elit. Curabitur ultricies lacinia massa, id&nbsp;</p>
<!-- /wp:paragraph -->","Baby Driver",,publish,open,closed,,baby-driver,,,"2023-06-14 21:06:23","2023-06-14 21:06:23",,0,https://localhost:10018/?post_type=rt-movie&#038;p=111,25,rt-movie,,0,raw,"Scarlett Johansson","Joe Russo","Stan Lee"
110,1,"2023-06-14 19:44:13","2023-06-14 19:44:13","<!-- wp:paragraph -->
<p>&nbsp;mattis magna non erat iaculis, et venenatis lorem commodo. Nulla eu ornare magna. Duis ultricies ipsum a dui accumsan, et blandit neque malesuada. Nulla efficitur ligula et tellus placerat lobortis. Fusce venenatis posuere leo vel volutpat.</p>
<!-- /wp:paragraph -->

<!-- wp:paragraph -->
<p>Nunc ultrices lacus eget nisi porttitor, faucibus maximus dolor imperdiet. Morbi in nunc pellentesque erat cursus egestas. Duis nec dignissim augue, vel tristique purus. Integer viverra finibus tellus eu ultricies. Sed iaculis, velit ut ultrices pretium, velit eros volutpat tortor, non tincidunt nulla neque quis sapien. Nunc ac aliquet urna. In at quam id tortor viverra malesuada. Aenean dapibus ultrices nisl, et viverra nulla porta quis. Quisque accumsan elit id est fringilla, a aliquam quam tincidunt. Proin facilisis mollis arcu vel pulvinar. Nunc mollis magna enim, at aliquet tortor pulvinar vehicula.</p>
<!-- /wp:paragraph -->

<!-- wp:paragraph -->
<p>Aenean ut ante ullamcorper, aliquet nunc sed, viverra justo. Pellentesque habitant morbi tristique senectus et netus et malesuada fames ac turpis egestas. Quisque egestas rhoncus vehicula. Duis sed lectus urna. Suspendisse potenti. Duis ante augue, luctus quis lacinia id, lacinia sed felis. Maecenas dictum tincidunt nisl, id cursus diam dignissim eget. Maecenas nibh diam, vestibulum id maximus vulputate, tincidunt vel metus. Praesent placerat non dolor quis ultrices. Interdum et malesuada fames ac ante ipsum primis in faucibus. Cras id euismod ante, eu ultricies orci. Quisque id nibh blandit lorem egestas luctus. Etiam lacinia nulla leo, in malesuada felis condimentum non. Donec vel tellus ligula. Duis eu mauris laoreet urna varius sollicitudin. Suspendisse nec varius turpis.</p>
<!-- /wp:paragraph -->

<!-- wp:paragraph -->
<p>Duis feugiat libero at lobortis luctus. Pellentesque auctor nunc ac mauris viverra, vel facilisis dui luctus. Vivamus ut neque dolor. Sed turpis mauris, maximus quis venenatis vel, volutpat nec sapien. In sit amet vestibulum magna, eu cursus dolor. Phasellus at diam et tellus aliquet egestas. Nam non laoreet nisi. Integer euismod sed quam ornare rhoncus. Suspendisse ultrices porttitor metus nec feugiat. Aliquam nec mauris malesuada, consectetur nunc sit amet, malesuada nulla. Nulla ut eros id quam pellentesque laoreet. Vivamus luctus id nisi vitae tempor. Nulla ultrices sem eu hendrerit placerat. In et risus et elit vehicula cursus eget at enim.</p>
<!-- /wp:paragraph -->

<!-- wp:paragraph -->
<p>Quisque semper tortor ut gravida finibus. Sed facilisis sem id nulla fermentum commodo. Nulla facilisi. Curabitur quis eros enim. Vestibulum eget laoreet quam. Etiam ultrices elit at luctus tempus. Lorem ipsum dolor sit amet, consectetur adipiscing elit. Curabitur ultricies lacinia massa, id&nbsp;</p>
<!-- /wp:paragraph -->","Once Upon a Time in Hollywood",,publish,open,closed,,once-upon-a-time-in-hollywood,,,"2023-06-14 23:29:28","2023-06-14 23:29:28",,0,https://localhost:10018/?post_type=rt-movie&#038;p=110,26,rt-movie,,0,raw,"Scarlett Johansson","Joe Russo","Stan Lee"
109,1,"2023-06-14 19:43:49","2023-06-14 19:43:49","<!-- wp:paragraph -->
<p>&nbsp;mattis magna non erat iaculis, et venenatis lorem commodo. Nulla eu ornare magna. Duis ultricies ipsum a dui accumsan, et blandit neque malesuada. Nulla efficitur ligula et tellus placerat lobortis. Fusce venenatis posuere leo vel volutpat.</p>
<!-- /wp:paragraph -->

<!-- wp:paragraph -->
<p>Nunc ultrices lacus eget nisi porttitor, faucibus maximus dolor imperdiet. Morbi in nunc pellentesque erat cursus egestas. Duis nec dignissim augue, vel tristique purus. Integer viverra finibus tellus eu ultricies. Sed iaculis, velit ut ultrices pretium, velit eros volutpat tortor, non tincidunt nulla neque quis sapien. Nunc ac aliquet urna. In at quam id tortor viverra malesuada. Aenean dapibus ultrices nisl, et viverra nulla porta quis. Quisque accumsan elit id est fringilla, a aliquam quam tincidunt. Proin facilisis mollis arcu vel pulvinar. Nunc mollis magna enim, at aliquet tortor pulvinar vehicula.</p>
<!-- /wp:paragraph -->

<!-- wp:paragraph -->
<p>Aenean ut ante ullamcorper, aliquet nunc sed, viverra justo. Pellentesque habitant morbi tristique senectus et netus et malesuada fames ac turpis egestas. Quisque egestas rhoncus vehicula. Duis sed lectus urna. Suspendisse potenti. Duis ante augue, luctus quis lacinia id, lacinia sed felis. Maecenas dictum tincidunt nisl, id cursus diam dignissim eget. Maecenas nibh diam, vestibulum id maximus vulputate, tincidunt vel metus. Praesent placerat non dolor quis ultrices. Interdum et malesuada fames ac ante ipsum primis in faucibus. Cras id euismod ante, eu ultricies orci. Quisque id nibh blandit lorem egestas luctus. Etiam lacinia nulla leo, in malesuada felis condimentum non. Donec vel tellus ligula. Duis eu mauris laoreet urna varius sollicitudin. Suspendisse nec varius turpis.</p>
<!-- /wp:paragraph -->

<!-- wp:paragraph -->
<p>Duis feugiat libero at lobortis luctus. Pellentesque auctor nunc ac mauris viverra, vel facilisis dui luctus. Vivamus ut neque dolor. Sed turpis mauris, maximus quis venenatis vel, volutpat nec sapien. In sit amet vestibulum magna, eu cursus dolor. Phasellus at diam et tellus aliquet egestas. Nam non laoreet nisi. Integer euismod sed quam ornare rhoncus. Suspendisse ultrices porttitor metus nec feugiat. Aliquam nec mauris malesuada, consectetur nunc sit amet, malesuada nulla. Nulla ut eros id quam pellentesque laoreet. Vivamus luctus id nisi vitae tempor. Nulla ultrices sem eu hendrerit placerat. In et risus et elit vehicula cursus eget at enim.</p>
<!-- /wp:paragraph -->

<!-- wp:paragraph -->
<p>Quisque semper tortor ut gravida finibus. Sed facilisis sem id nulla fermentum commodo. Nulla facilisi. Curabitur quis eros enim. Vestibulum eget laoreet quam. Etiam ultrices elit at luctus tempus. Lorem ipsum dolor sit amet, consectetur adipiscing elit. Curabitur ultricies lacinia massa, id&nbsp;</p>
<!-- /wp:paragraph -->","John Wick",,publish,open,closed,,john-wick,,,"2023-06-14 21:06:19","2023-06-14 21:06:19",,0,https://localhost:10018/?post_type=rt-movie&#038;p=109,27,rt-movie,,0,raw,"Scarlett Johansson","Joe Russo","Stan Lee"
107,1,"2023-06-14 19:42:44","2023-06-14 19:42:44","<!-- wp:paragraph -->
<p>&nbsp;mattis magna non erat iaculis, et venenatis lorem commodo. Nulla eu ornare magna. Duis ultricies ipsum a dui accumsan, et blandit neque malesuada. Nulla efficitur ligula et tellus placerat lobortis. Fusce venenatis posuere leo vel volutpat.</p>
<!-- /wp:paragraph -->

<!-- wp:paragraph -->
<p>Nunc ultrices lacus eget nisi porttitor, faucibus maximus dolor imperdiet. Morbi in nunc pellentesque erat cursus egestas. Duis nec dignissim augue, vel tristique purus. Integer viverra finibus tellus eu ultricies. Sed iaculis, velit ut ultrices pretium, velit eros volutpat tortor, non tincidunt nulla neque quis sapien. Nunc ac aliquet urna. In at quam id tortor viverra malesuada. Aenean dapibus ultrices nisl, et viverra nulla porta quis. Quisque accumsan elit id est fringilla, a aliquam quam tincidunt. Proin facilisis mollis arcu vel pulvinar. Nunc mollis magna enim, at aliquet tortor pulvinar vehicula.</p>
<!-- /wp:paragraph -->

<!-- wp:paragraph -->
<p>Aenean ut ante ullamcorper, aliquet nunc sed, viverra justo. Pellentesque habitant morbi tristique senectus et netus et malesuada fames ac turpis egestas. Quisque egestas rhoncus vehicula. Duis sed lectus urna. Suspendisse potenti. Duis ante augue, luctus quis lacinia id, lacinia sed felis. Maecenas dictum tincidunt nisl, id cursus diam dignissim eget. Maecenas nibh diam, vestibulum id maximus vulputate, tincidunt vel metus. Praesent placerat non dolor quis ultrices. Interdum et malesuada fames ac ante ipsum primis in faucibus. Cras id euismod ante, eu ultricies orci. Quisque id nibh blandit lorem egestas luctus. Etiam lacinia nulla leo, in malesuada felis condimentum non. Donec vel tellus ligula. Duis eu mauris laoreet urna varius sollicitudin. Suspendisse nec varius turpis.</p>
<!-- /wp:paragraph -->

<!-- wp:paragraph -->
<p>Duis feugiat libero at lobortis luctus. Pellentesque auctor nunc ac mauris viverra, vel facilisis dui luctus. Vivamus ut neque dolor. Sed turpis mauris, maximus quis venenatis vel, volutpat nec sapien. In sit amet vestibulum magna, eu cursus dolor. Phasellus at diam et tellus aliquet egestas. Nam non laoreet nisi. Integer euismod sed quam ornare rhoncus. Suspendisse ultrices porttitor metus nec feugiat. Aliquam nec mauris malesuada, consectetur nunc sit amet, malesuada nulla. Nulla ut eros id quam pellentesque laoreet. Vivamus luctus id nisi vitae tempor. Nulla ultrices sem eu hendrerit placerat. In et risus et elit vehicula cursus eget at enim.</p>
<!-- /wp:paragraph -->

<!-- wp:paragraph -->
<p>Quisque semper tortor ut gravida finibus. Sed facilisis sem id nulla fermentum commodo. Nulla facilisi. Curabitur quis eros enim. Vestibulum eget laoreet quam. Etiam ultrices elit at luctus tempus. Lorem ipsum dolor sit amet, consectetur adipiscing elit. Curabitur ultricies lacinia massa, id&nbsp;</p>
<!-- /wp:paragraph -->","The Witcher",,publish,open,closed,,the-witcher,,,"2023-06-14 21:06:06","2023-06-14 21:06:06",,0,https://localhost:10018/?post_type=rt-movie&#038;p=107,28,rt-movie,,0,raw,"Scarlett Johansson","Joe Russo","Stan Lee"
105,1,"2023-06-14 19:41:29","2023-06-14 19:41:29","<!-- wp:paragraph -->
<p>&nbsp;mattis magna non erat iaculis, et venenatis lorem commodo. Nulla eu ornare magna. Duis ultricies ipsum a dui accumsan, et blandit neque malesuada. Nulla efficitur ligula et tellus placerat lobortis. Fusce venenatis posuere leo vel volutpat.</p>
<!-- /wp:paragraph -->

<!-- wp:paragraph -->
<p>Nunc ultrices lacus eget nisi porttitor, faucibus maximus dolor imperdiet. Morbi in nunc pellentesque erat cursus egestas. Duis nec dignissim augue, vel tristique purus. Integer viverra finibus tellus eu ultricies. Sed iaculis, velit ut ultrices pretium, velit eros volutpat tortor, non tincidunt nulla neque quis sapien. Nunc ac aliquet urna. In at quam id tortor viverra malesuada. Aenean dapibus ultrices nisl, et viverra nulla porta quis. Quisque accumsan elit id est fringilla, a aliquam quam tincidunt. Proin facilisis mollis arcu vel pulvinar. Nunc mollis magna enim, at aliquet tortor pulvinar vehicula.</p>
<!-- /wp:paragraph -->

<!-- wp:paragraph -->
<p>Aenean ut ante ullamcorper, aliquet nunc sed, viverra justo. Pellentesque habitant morbi tristique senectus et netus et malesuada fames ac turpis egestas. Quisque egestas rhoncus vehicula. Duis sed lectus urna. Suspendisse potenti. Duis ante augue, luctus quis lacinia id, lacinia sed felis. Maecenas dictum tincidunt nisl, id cursus diam dignissim eget. Maecenas nibh diam, vestibulum id maximus vulputate, tincidunt vel metus. Praesent placerat non dolor quis ultrices. Interdum et malesuada fames ac ante ipsum primis in faucibus. Cras id euismod ante, eu ultricies orci. Quisque id nibh blandit lorem egestas luctus. Etiam lacinia nulla leo, in malesuada felis condimentum non. Donec vel tellus ligula. Duis eu mauris laoreet urna varius sollicitudin. Suspendisse nec varius turpis.</p>
<!-- /wp:paragraph -->

<!-- wp:paragraph -->
<p>Duis feugiat libero at lobortis luctus. Pellentesque auctor nunc ac mauris viverra, vel facilisis dui luctus. Vivamus ut neque dolor. Sed turpis mauris, maximus quis venenatis vel, volutpat nec sapien. In sit amet vestibulum magna, eu cursus dolor. Phasellus at diam et tellus aliquet egestas. Nam non laoreet nisi. Integer euismod sed quam ornare rhoncus. Suspendisse ultrices porttitor metus nec feugiat. Aliquam nec mauris malesuada, consectetur nunc sit amet, malesuada nulla. Nulla ut eros id quam pellentesque laoreet. Vivamus luctus id nisi vitae tempor. Nulla ultrices sem eu hendrerit placerat. In et risus et elit vehicula cursus eget at enim.</p>
<!-- /wp:paragraph -->

<!-- wp:paragraph -->
<p>Quisque semper tortor ut gravida finibus. Sed facilisis sem id nulla fermentum commodo. Nulla facilisi. Curabitur quis eros enim. Vestibulum eget laoreet quam. Etiam ultrices elit at luctus tempus. Lorem ipsum dolor sit amet, consectetur adipiscing elit. Curabitur ultricies lacinia massa, id&nbsp;</p>
<!-- /wp:paragraph -->","The Hunger Games",,publish,open,closed,,the-hunger-games,,,"2023-06-14 21:06:04","2023-06-14 21:06:04",,0,https://localhost:10018/?post_type=rt-movie&#038;p=105,29,rt-movie,,0,raw,"Scarlett Johansson","Joe Russo","Stan Lee"
103,1,"2023-06-14 19:39:39","2023-06-14 19:39:39","<!-- wp:paragraph -->
<p>&nbsp;mattis magna non erat iaculis, et venenatis lorem commodo. Nulla eu ornare magna. Duis ultricies ipsum a dui accumsan, et blandit neque malesuada. Nulla efficitur ligula et tellus placerat lobortis. Fusce venenatis posuere leo vel volutpat.</p>
<!-- /wp:paragraph -->

<!-- wp:paragraph -->
<p>Nunc ultrices lacus eget nisi porttitor, faucibus maximus dolor imperdiet. Morbi in nunc pellentesque erat cursus egestas. Duis nec dignissim augue, vel tristique purus. Integer viverra finibus tellus eu ultricies. Sed iaculis, velit ut ultrices pretium, velit eros volutpat tortor, non tincidunt nulla neque quis sapien. Nunc ac aliquet urna. In at quam id tortor viverra malesuada. Aenean dapibus ultrices nisl, et viverra nulla porta quis. Quisque accumsan elit id est fringilla, a aliquam quam tincidunt. Proin facilisis mollis arcu vel pulvinar. Nunc mollis magna enim, at aliquet tortor pulvinar vehicula.</p>
<!-- /wp:paragraph -->

<!-- wp:paragraph -->
<p>Aenean ut ante ullamcorper, aliquet nunc sed, viverra justo. Pellentesque habitant morbi tristique senectus et netus et malesuada fames ac turpis egestas. Quisque egestas rhoncus vehicula. Duis sed lectus urna. Suspendisse potenti. Duis ante augue, luctus quis lacinia id, lacinia sed felis. Maecenas dictum tincidunt nisl, id cursus diam dignissim eget. Maecenas nibh diam, vestibulum id maximus vulputate, tincidunt vel metus. Praesent placerat non dolor quis ultrices. Interdum et malesuada fames ac ante ipsum primis in faucibus. Cras id euismod ante, eu ultricies orci. Quisque id nibh blandit lorem egestas luctus. Etiam lacinia nulla leo, in malesuada felis condimentum non. Donec vel tellus ligula. Duis eu mauris laoreet urna varius sollicitudin. Suspendisse nec varius turpis.</p>
<!-- /wp:paragraph -->

<!-- wp:paragraph -->
<p>Duis feugiat libero at lobortis luctus. Pellentesque auctor nunc ac mauris viverra, vel facilisis dui luctus. Vivamus ut neque dolor. Sed turpis mauris, maximus quis venenatis vel, volutpat nec sapien. In sit amet vestibulum magna, eu cursus dolor. Phasellus at diam et tellus aliquet egestas. Nam non laoreet nisi. Integer euismod sed quam ornare rhoncus. Suspendisse ultrices porttitor metus nec feugiat. Aliquam nec mauris malesuada, consectetur nunc sit amet, malesuada nulla. Nulla ut eros id quam pellentesque laoreet. Vivamus luctus id nisi vitae tempor. Nulla ultrices sem eu hendrerit placerat. In et risus et elit vehicula cursus eget at enim.</p>
<!-- /wp:paragraph -->

<!-- wp:paragraph -->
<p>Quisque semper tortor ut gravida finibus. Sed facilisis sem id nulla fermentum commodo. Nulla facilisi. Curabitur quis eros enim. Vestibulum eget laoreet quam. Etiam ultrices elit at luctus tempus. Lorem ipsum dolor sit amet, consectetur adipiscing elit. Curabitur ultricies lacinia massa, id&nbsp;</p>
<!-- /wp:paragraph -->",Sicario,,publish,open,closed,,sicario,,,"2023-06-14 21:06:02","2023-06-14 21:06:02",,0,https://localhost:10018/?post_type=rt-movie&#038;p=103,30,rt-movie,,0,raw,"Scarlett Johansson","Joe Russo","Stan Lee"
99,1,"2023-06-14 19:38:47","2023-06-14 19:38:47","<!-- wp:paragraph -->
<p>&nbsp;mattis magna non erat iaculis, et venenatis lorem commodo. Nulla eu ornare magna. Duis ultricies ipsum a dui accumsan, et blandit neque malesuada. Nulla efficitur ligula et tellus placerat lobortis. Fusce venenatis posuere leo vel volutpat.</p>
<!-- /wp:paragraph -->

<!-- wp:paragraph -->
<p>Nunc ultrices lacus eget nisi porttitor, faucibus maximus dolor imperdiet. Morbi in nunc pellentesque erat cursus egestas. Duis nec dignissim augue, vel tristique purus. Integer viverra finibus tellus eu ultricies. Sed iaculis, velit ut ultrices pretium, velit eros volutpat tortor, non tincidunt nulla neque quis sapien. Nunc ac aliquet urna. In at quam id tortor viverra malesuada. Aenean dapibus ultrices nisl, et viverra nulla porta quis. Quisque accumsan elit id est fringilla, a aliquam quam tincidunt. Proin facilisis mollis arcu vel pulvinar. Nunc mollis magna enim, at aliquet tortor pulvinar vehicula.</p>
<!-- /wp:paragraph -->

<!-- wp:paragraph -->
<p>Aenean ut ante ullamcorper, aliquet nunc sed, viverra justo. Pellentesque habitant morbi tristique senectus et netus et malesuada fames ac turpis egestas. Quisque egestas rhoncus vehicula. Duis sed lectus urna. Suspendisse potenti. Duis ante augue, luctus quis lacinia id, lacinia sed felis. Maecenas dictum tincidunt nisl, id cursus diam dignissim eget. Maecenas nibh diam, vestibulum id maximus vulputate, tincidunt vel metus. Praesent placerat non dolor quis ultrices. Interdum et malesuada fames ac ante ipsum primis in faucibus. Cras id euismod ante, eu ultricies orci. Quisque id nibh blandit lorem egestas luctus. Etiam lacinia nulla leo, in malesuada felis condimentum non. Donec vel tellus ligula. Duis eu mauris laoreet urna varius sollicitudin. Suspendisse nec varius turpis.</p>
<!-- /wp:paragraph -->

<!-- wp:paragraph -->
<p>Duis feugiat libero at lobortis luctus. Pellentesque auctor nunc ac mauris viverra, vel facilisis dui luctus. Vivamus ut neque dolor. Sed turpis mauris, maximus quis venenatis vel, volutpat nec sapien. In sit amet vestibulum magna, eu cursus dolor. Phasellus at diam et tellus aliquet egestas. Nam non laoreet nisi. Integer euismod sed quam ornare rhoncus. Suspendisse ultrices porttitor metus nec feugiat. Aliquam nec mauris malesuada, consectetur nunc sit amet, malesuada nulla. Nulla ut eros id quam pellentesque laoreet. Vivamus luctus id nisi vitae tempor. Nulla ultrices sem eu hendrerit placerat. In et risus et elit vehicula cursus eget at enim.</p>
<!-- /wp:paragraph -->

<!-- wp:paragraph -->
<p>Quisque semper tortor ut gravida finibus. Sed facilisis sem id nulla fermentum commodo. Nulla facilisi. Curabitur quis eros enim. Vestibulum eget laoreet quam. Etiam ultrices elit at luctus tempus. Lorem ipsum dolor sit amet, consectetur adipiscing elit. Curabitur ultricies lacinia massa, id&nbsp;</p>
<!-- /wp:paragraph -->",Shazam,,publish,open,closed,,shazam,,,"2023-06-14 21:05:59","2023-06-14 21:05:59",,0,https://localhost:10018/?post_type=rt-movie&#038;p=99,31,rt-movie,,0,raw,"Scarlett Johansson","Joe Russo","Stan Lee"
